script_id,imdb_id,title,year,gross
1534,tt1022603,(500) Days of Summer,2009,37
1512,tt0147800,10 Things I Hate About You,1999,65
1514,tt0417385,12 and Holding,2005,
1517,tt2024544,12 Years a Slave,2013,60
1520,tt1542344,127 Hours,2010,20
6537,tt0450385,1408,2007,91
3778,tt0103594,1492: Conquest of Paradise,1992,15
623,tt0179626,15 Minutes,2001,37
1525,tt0974661,17 Again,2009,74
6030,tt1272878,2 Guns,2013,80
625,tt0062622,2001: A Space Odyssey,1968,376
1509,tt1190080,2012,2009,192
8543,tt0478087,21,2008,98
7834,tt2294449,22 Jump Street,2014,204
630,tt0307901,25th Hour,2002,19
3784,tt0191754,28 Days,2000,59
6360,tt0289043,28 Days Later...,2002,67
7597,tt0463854,28 Weeks Later,2007,36
8209,tt2172934,3 Days to Kill,2014,32
1408,tt0094137,3 Men and a Baby,1987,373
7678,tt0075612,3 Women,1977,
8671,tt0389722,30 Days of Night,2007,50
1530,tt1622547,30 Minutes or Less,2011,40
7770,tt0416449,300,2006,280
3789,tt0381849,3:10 to Yuma,2007,67
1502,tt0453562,42,2013,101
1532,tt0083511,48 Hrs.,1982,224
3770,tt1306980,50/50,2011,38
1537,tt0134273,8MM,1999,62
5820,tt0268978,A Beautiful Mind,2001,262
6574,tt0120633,A Civil Action,1998,105
4022,tt0066921,A Clockwork Orange,1971,
2190,tt0097243,A Dry White Season,1989,8
1538,tt0104257,A Few Good Men,1992,295
8880,tt0401445,A Good Year,2006,9
8007,tt0399146,A History of Violence,2005,42
7931,tt0266465,A Man Apart,2003,37
5368,tt2937898,A Most Violent Year,2014,6
8057,tt1972571,A Most Wanted Man,2014,18
5342,tt0120770,A Night at the Roxbury,1998,56
1196,tt0087800,A Nightmare on Elm Street,1984,68
6161,tt0089686,A Nightmare on Elm Street 2: Freddy's Revenge,1985,73
4706,tt0093629,A Nightmare on Elm Street 3: Dream Warriors,1987,99
4702,tt0095742,A Nightmare on Elm Street 4: The Dream Master,1988,104
4703,tt0097981,A Nightmare on Elm Street 5: The Dream Child,1989,48
7251,tt0971209,A Perfect Getaway,2009,17
1222,tt0107808,A Perfect World,1993,65
4892,tt0091867,A Room with a View,1985,51
6822,tt0405296,A Scanner Darkly,2006,7
633,tt1019452,A Serious Man,2009,10
4961,tt0120324,A Simple Plan,1998,30
4963,tt1315981,A Single Man,2009,10
1455,tt0281358,A Walk to Remember,2002,61
8682,tt0212720,A.I. Artificial Intelligence,2001,120
6034,tt1826590,About Last Night,2014,51
642,tt0094602,Above the Law,1988,40
1545,tt0118548,Absolute Power,1997,94
1550,tt0109040,Ace Ventura: Pet Detective,1994,150
6407,tt0268126,Adaptation.,2002,33
3805,tt1091722,Adventureland,2009,18
1559,tt0118564,Affliction,1997,11
1564,tt0088683,Agnes of God,1985,
647,tt0118571,Air Force One,1997,327
650,tt0083530,Airplane II: The Sequel,1982,
648,tt0080339,Airplane!,1980,269
1571,tt0103639,Aladdin,1992,454
8683,tt0375173,Alfie,2004,18
653,tt0248667,Ali,2001,89
3816,tt1014759,Alice in Wonderland,2010,368
1576,tt0078748,Alien,1979,6
652,tt0094631,Alien Nation,1988,53
3818,tt0118583,Alien: Resurrection,1997,90
1597,tt0090605,Aliens,1986,199
7235,tt0758730,Aliens vs. Predator: Requiem,2007,52
1582,tt0103644,Alien≥,1992,116
1603,tt0881891,All About Steve,2009,39
3824,tt0847214,All God's Children Can Dance,2008,
6157,tt0490076,All the Boys Love Mandy Lane,2006,
7583,tt0074119,All the President's Men,1976,
8230,tt0149624,All the Pretty Horses,2000,25
1606,tt0181875,Almost Famous,2000,52
1609,tt0369226,Alone in the Dark,2005,6
664,tt0086879,Amadeus,1984,
1613,tt1129445,Amelia,2009,16
5803,tt0211915,AmÈlie,2001,51
1615,tt0169547,American Beauty,1999,222
665,tt0765429,American Gangster,2007,164
7955,tt0080365,American Gigolo,1980,
666,tt0069704,American Graffiti,1973,565
5805,tt0120586,American History X,1998,12
1628,tt1800241,American Hustle,2013,160
1631,tt0022626,American Madness,1932,
1634,tt0244000,American Outlaws,2001,20
1635,tt0163651,American Pie,1999,174
1639,tt0144084,American Psycho,2000,24
3834,tt0101327,American Shaolin,1991,
7413,tt2179136,American Sniper,2014,372
1643,tt0305206,American Splendor,2003,8
7716,tt3316948,American Ultra,2015,14
5373,tt1602620,Amour,2012,
3807,tt0050105,An Affair to Remember,1957,
674,tt0082010,An American Werewolf in London,1981,
3838,tt0118604,An American Werewolf in Paris,1997,50
1650,tt1174732,An Education,2009,14
4738,tt0084434,An Officer and a Gentleman,1982,384
8219,tt0078444,An Unmarried Woman,1978,
678,tt0289848,Analyze That,2002,48
1652,tt0122933,Analyze This,1999,183
676,tt0118617,Anastasia,1997,110
8699,tt0052561,Anatomy of a Murder,1959,
7630,tt0357413,Anchorman: The Legend of Ron Burgundy,2004,117
1655,tt0225071,Angel Eyes,2001,36
1657,tt0808151,Angels & Demons,2009,154
3850,tt1313092,Animal Kingdom,2010,1
1659,tt1781769,Anna Karenina,2012,13
682,tt0075686,Annie Hall,1977,152
1667,tt1521197,Anonymous,2011,4
5376,tt1431181,Another Year,2010,3
1669,tt0218817,Antitrust,2001,16
1671,tt0120587,Antz,1998,168
8703,tt0146838,Any Given Sunday,1999,129
1676,tt0078788,Apocalypse Now,1979,16
8194,tt1772240,Apollo 18,2011,19
1682,tt0118636,Apt Pupil,1998,16
1684,tt1764183,Arbitrage,2012,8
1689,tt0106303,Arctic Blue,1993,
1691,tt1024648,Argo,2012,148
7800,tt0137363,Arlington Road,1999,41
1694,tt0120591,Armageddon,1998,374
3862,tt0913354,Armored,2009,18
1696,tt0106308,Army of Darkness,1992,24
6605,tt0364955,Art School Confidential,2006,4
1700,tt0082031,Arthur,1981,298
6037,tt1430607,Arthur Christmas,2011,50
1702,tt0119822,As Good as It Gets,1997,280
1705,tt0112401,Assassins,1995,60
1710,tt0132512,At First Sight,1999,38
3872,tt0783233,Atonement,2007,64
5378,tt1322269,August: Osage County,2013,40
698,tt0118655,Austin Powers: International Man of Mystery,1997,102
699,tt0145660,Austin Powers: The Spy Who Shagged Me,1999,351
1716,tt2114461,Authors Anonymous,2014,
1717,tt0174480,Autumn in New York,2000,61
1718,tt0499549,Avatar,2009,882
706,tt0099077,Awakenings,1990,107
3879,tt0491747,Away from Her,2006,20
5170,tt1176740,Away We Go,2009,10
1727,tt0449467,Babel,2006,45
707,tt0086927,Bachelor Party,1984,99
7856,tt0088763,Back to the Future,1985,517
3881,tt0096874,Back to the Future Part II,1989,258
3882,tt0099088,Back to the Future Part III,1990,180
1735,tt0101393,Backdraft,1991,160
708,tt0112442,Bad Boys,1995,131
1739,tt2350892,Bad Country,2014,
1740,tt0047849,Bad Day at Black Rock,1955,
712,tt0103759,Bad Lieutenant,1992,4
7897,tt1034010,Bad Meat,2011,
1744,tt0307987,Bad Santa,2003,86
1746,tt1284575,Bad Teacher,2011,109
1747,tt0069762,Badlands,1973,
714,tt0215545,Bamboozled,2000,3
3892,tt1423894,Barney's Version,2010,8
716,tt0072684,Barry Lyndon,1975,
715,tt0101410,Barton Fink,1991,12
1759,tt0264395,Basic,2003,38
718,tt0103772,Basic Instinct,1992,247
1762,tt0115632,Basquiat,1996,5
725,tt0096895,Batman,1989,550
1771,tt0118688,Batman & Robin,1997,202
1773,tt0372784,Batman Begins,2005,278
1775,tt0112462,Batman Forever,1995,368
722,tt0103776,Batman Returns,1992,341
6053,tt1532958,Battle of the Year,2013,9
9245,tt0185183,Battlefield Earth,2000,34
3902,tt0094715,Beaches,1988,120
1789,tt0118689,Bean,1997,85
5380,tt1365050,Beasts of No Nation,2015,
1792,tt2125435,Beasts of the Southern Wild,2012,13
9254,tt0101414,Beauty and the Beast,1991,452
729,tt0115641,Beavis and Butt-Head Do America,1996,124
8031,tt0115644,Bed of Roses,1996,74
3907,tt0389790,Bee Movie,2007,160
3909,tt0094721,Beetlejuice,1988,155
5381,tt2209418,Before Midnight,2013,8
8727,tt0112471,Before Sunrise,1995,10
6916,tt0381681,Before Sunset,2004,8
8633,tt1980929,Begin Again,2013,17
1796,tt1532503,Beginners,2010,6
734,tt0106379,Being Human,1994,3
1801,tt0120601,Being John Malkovich,1999,39
1802,tt0078841,Being There,1979,
5383,tt2404181,Belle,2013,11
1807,tt0120603,Beloved,1998,42
3918,tt0276816,Below,2002,0
3919,tt0065462,Beneath the Planet of the Apes,1970,
1809,tt0106387,Benny & Joon,1993,48
3920,tt0442933,Beowulf,2007,103
3922,tt0402057,Beowulf & Grendel,2005,
1811,tt0094737,Big,1988,243
6910,tt1126590,Big Eyes,2014,15
6607,tt1228953,Big Fan,2009,
740,tt0319061,Big Fish,2003,95
8095,tt0099141,Bird on a Wire,1990,146
5385,tt2562232,Birdman or (The Unexpected Virtue of Ignorance),2014,45
1831,tt0188453,Birthday Girl,2001,7
8237,tt0454082,Black Christmas,2006,21
7243,tt0265086,Black Hawk Down,2001,167
744,tt0096933,Black Rain,1989,99
1838,tt0462200,Black Snake Moan,2006,12
1841,tt0947798,Black Swan,2010,117
1843,tt0120611,Blade,1998,129
1846,tt0187738,Blade II,2002,122
1849,tt0083658,Blade Runner,1982,4
3936,tt0359013,Blade: Trinity,2004,73
7935,tt0445934,Blades of Glory,2007,149
1853,tt0124298,Blast from the Past,1999,45
8301,tt0071230,Blazing Saddles,1974,558
1858,tt0115710,Blood and Wine,1996,2
8743,tt0450259,Blood Diamond,2006,76
1861,tt0086979,Blood Simple.,1984,4
8744,tt0309377,Blood Work,2002,39
4589,tt0112533,Bloodfist VII: Manhunt,1995,
1863,tt0221027,Blow,2001,81
8479,tt2334873,Blue Jasmine,2013,35
3947,tt1120985,Blue Valentine,2010,10
1866,tt0090756,Blue Velvet,1986,20
1870,tt0106447,"Bodies, Rest & Motion",1993,1
1872,tt0082089,Body Heat,1981,
757,tt0106453,Body of Evidence,1993,27
6582,tt0758774,Body of Lies,2008,47
3951,tt0181984,Boiler Room,2000,27
8392,tt2494362,Bone Tomahawk,2015,
1879,tt0166110,Bones,2001,11
1882,tt0061418,Bonnie and Clyde,1967,
1884,tt0118749,Boogie Nights,1997,50
7351,tt0452592,Borderland,2007,
8025,tt0096969,Born on the Fourth of July,1989,153
1893,tt0115734,Bottle Rocket,1996,2
1895,tt0115736,Bound,1996,7
8628,tt0106471,Boxing Helena,1993,3
3958,tt1781782,Boy Who Never Slept,2006,
5386,tt1065073,Boyhood,2014,27
5287,tt0112571,Boys on the Side,1995,46
7796,tt0101507,Boyz n the Hood,1991,118
771,tt0112573,Braveheart,1995,151
774,tt0088846,Brazil,1985,24
8760,tt0118771,Breakdown,1997,94
8560,tt0120618,Breakfast of Champions,1999,
1921,tt0078902,Breaking Away,1979,
1922,tt0393109,Brick,2005,2
8410,tt1430612,Brick Mansions,2014,21
1925,tt1478338,Bridesmaids,2011,185
5388,tt3682448,Bridge of Spies,2015,74
3966,tt0810784,Bright Star,2009,5
776,tt0163988,Bringing Out the Dead,1999,28
1928,tt0092699,Broadcast News,1987,113
8765,tt0388795,Brokeback Mountain,2005,112
779,tt0115759,Broken Arrow,1996,138
1933,tt0913425,Broken Embraces,2009,5
5389,tt2381111,Brooklyn,2015,31
3970,tt1210042,Brooklyn's Finest,2009,31
3972,tt0765010,Brothers,2009,33
781,tt0315327,Bruce Almighty,2003,350
1939,tt0103893,Buffy the Vampire Slayer,1992,34
1940,tt0094812,Bull Durham,1988,107
6707,tt0109348,Bullets Over Broadway,1994,27
1943,tt1462758,Buried,2010,1
1945,tt1126591,Burlesque,2010,43
785,tt0887883,Burn After Reading,2008,73
1948,tt0307879,Burning Annie,2004,
3980,tt0068327,Cabaret,1972,219
7216,tt0961722,Cabin Fever 2: Spring Fever,2009,
7206,tt0080487,Caddyshack,1980,128
6527,tt3442006,Cake,2014,1
3984,tt0040202,Call Northside 777,1948,
8019,tt2234003,Calvary,2014,3
1953,tt2387411,Candle to Water,2012,
8645,tt0103919,Candyman,1992,54
7382,tt0101540,Cape Fear,1991,163
1955,tt0379725,Capote,2005,38
7179,tt0077294,Capricorn One,1978,
8500,tt0458339,Captain America: The First Avenger,2011,194
6040,tt1535109,Captain Phillips,2013,114
6611,tt0101545,Career Opportunities,1991,23
7328,tt0106519,Carlito's Way,1993,77
5390,tt2402927,Carol,2015,
7516,tt1939659,Carrie,2013,37
1957,tt1216475,Cars 2,2011,209
1962,tt0795351,Case 39,2009,15
1963,tt0112641,Casino,1995,84
789,tt0162222,Cast Away,2000,377
6443,tt0097027,Casualties of War,1989,40
1968,tt0264464,Catch Me If You Can,2002,245
7463,tt0065528,Catch-22,1970,
790,tt0327554,Catwoman,2004,56
1973,tt0173716,Cecil B. DeMented,2000,2
1974,tt1477837,Cedar Rapids,2011,7
1975,tt1405365,Celeste & Jesse Forever,2012,3
793,tt0337921,Cellular,2004,44
8505,tt0115857,Chain Reaction,1996,40
795,tt0824747,Changeling,2008,43
1985,tt0402910,Chaos,2005,
8103,tt0103939,Chaplin,1992,19
6213,tt0423977,Charlie Bartlett,2007,4
1989,tt0160127,Charlie's Angels,2000,201
1991,tt0118842,Chasing Amy,1997,22
1993,tt0221069,Chasing Sleep,2000,
7820,tt2883512,Chef,2014,33
1995,tt0175526,Cherry Falls,2000,
4008,tt0206634,Children of Men,2006,46
6538,tt0087050,Children of the Corn,1984,37
4010,tt0163579,Chill Factor,1999,19
1999,tt0071315,Chinatown,1974,
4012,tt0241303,Chocolat,2000,115
8287,tt0087054,Choose Me,1984,
2002,tt2416048,Christ Complex,2012,
8189,tt0085333,Christine,1983,58
8011,tt0097958,Christmas Vacation,1989,156
2003,tt1706593,Chronicle,2012,70
2011,tt0095765,Cinema Paradiso,1988,
7508,tt0450405,Cirque du Freak: The Vampire's Assistant,2009,16
808,tt0033467,Citizen Kane,1941,
4015,tt0115907,City Hall,1996,39
6742,tt0087062,City Heat,1984,99
4016,tt1174730,City Island,2009,7
5847,tt0317248,City of God,2002,11
809,tt0103976,City of Joy,1992,30
2019,tt0800320,Clash of the Titans,2010,179
7983,tt0109444,Clear and Present Danger,1994,253
2020,tt0109445,Clerks,1994,6
6038,tt0389860,Click,2006,181
2027,tt0106582,Cliffhanger,1993,176
8786,tt1371111,Cloud Atlas,2012,29
7984,tt0844471,Cloudy with a Chance of Meatballs,2009,145
6039,tt1985966,Cloudy with a Chance of Meatballs 2,2013,128
8192,tt1060277,Cloverfield,2008,96
5297,tt0088930,Clue,1985,7
2029,tt0112697,Clueless,1995,113
4030,tt0080549,Coal Miner's Daughter,1980,258
813,tt0109450,Cobb,1994,2
811,tt0088936,Code of Silence,1985,
2033,tt0159365,Cold Mountain,2003,137
2035,tt0369339,Collateral,2004,140
815,tt0233469,Collateral Damage,2002,59
2041,tt1657507,Colombiana,2011,40
2042,tt0109456,Color of Night,1994,41
5298,tt0099291,Come See the Paradise,1990,1
7429,tt0094898,Coming to America,1988,270
2114,tt0407680,Complete Guide to Guys,2005,
2046,tt0816462,Conan the Barbarian,2011,23
814,tt0270288,Confessions of a Dangerous Mind,2002,
2050,tt0310910,Confidence,2003,17
4038,tt0068408,Conquest of the Planet of the Apes,1972,
4039,tt0118883,Conspiracy Theory,1997,144
818,tt0360486,Constantine,2005,102
821,tt0118884,Contact,1997,191
4040,tt1244754,Conviction,2010,7
4041,tt0061512,Cool Hand Luke,1967,
4042,tt1385867,Cop Out,2010,49
2056,tt0112722,Copycat,1995,64
5392,tt0327597,Coraline,2009,87
2059,tt1372686,Coriolanus,2011,0
6614,tt1480656,Cosmopolis,2012,0
2062,tt0115956,Courage Under Fire,1996,115
2063,tt0409847,Cowboys & Aliens,2011,109
822,tt0306685,Cradle 2 the Grave,2003,49
2066,tt0479884,Crank,2006,36
4047,tt0375679,Crash,2004,76
4050,tt1263670,Crazy Heart,2009,45
2073,tt1570728,"Crazy, Stupid, Love.",2011,92
4034,tt0416658,Crazylove,2005,
2075,tt0974014,Creation,2009,
6549,tt0083767,Creepshow,1982,
830,tt0310924,Crime Spree,2003,
7440,tt0112740,Crimson Tide,1995,182
7261,tt0094919,Critters 2,1988,8
2083,tt0159382,Croupier,1998,11
2091,tt0139134,Cruel Intentions,1999,65
2095,tt0123755,Cube,1997,0
6540,tt0085382,Cujo,1983,58
6612,tt0101635,Curly Sue,1991,69
8277,tt0257516,Cursed,2005,26
7623,tt1336617,Cyrus,2010,8
8234,tt1528854,Daddy's Home,2015,147
4065,tt0790636,Dallas Buyers Club,2013,29
2100,tt0099348,Dances with Wolves,1990,378
5396,tt1772288,Danny Collins,2015,5
2101,tt0118929,Dark City,1998,26
2108,tt0069945,Dark Star,1974,
2112,tt1279935,Date Night,2010,108
4078,tt0106673,Dave,1993,133
844,tt0088993,Day of the Dead,1985,
4087,tt0433362,Daybreakers,2009,34
848,tt0077405,Days of Heaven,1978,
7383,tt0099371,Days of Thunder,1990,170
8809,tt0106677,Dazed and Confused,1993,16
7549,tt0101669,Dead Again,1991,78
2126,tt0097165,Dead Poets Society,1989,210
7215,tt0094964,Dead Ringers,1988,19
5397,tt2235108,Dear White People,2014,4
2130,tt1321509,Death at a Funeral,2010,47
7342,tt0104070,Death Becomes Her,1992,122
850,tt0266452,Death to Smoochy,2002,12
7870,tt0101694,Deceived,1991,59
851,tt0800240,Deception,2008,5
6709,tt0118954,Deconstructing Harry,1997,20
852,tt0104073,Deep Cover,1992,34
2139,tt0118956,Deep Rising,1998,20
8274,tt0101698,Defending Your Life,1991,33
855,tt1034303,Defiance,2008,34
7386,tt0453467,Deja Vu,2006,85
7325,tt2377322,Deliver Us from Evil,2014,32
4101,tt0068473,Deliverance,1972,
8282,tt2387559,Delivery Man,2013,32
7880,tt0106697,Demolition Man,1993,122
4105,tt1323594,Despicable Me,2010,277
2148,tt1690953,Despicable Me 2,2013,393
2150,tt0165710,Detroit Rock City,1999,7
2152,tt0112857,Devil in a Blue Dress,1995,32
8513,tt0116095,Diabolique,1996,33
2154,tt0095016,Die Hard,1988,172
2156,tt0099423,Die Hard 2,1990,242
7818,tt0112864,Die Hard: With a Vengeance,1995,200
2158,tt0083833,Diner,1982,41
4115,tt0427152,Dinner for Schmucks,2010,80
863,tt0486822,Disturbia,2007,101
861,tt0097216,Do the Right Thing,1989,60
864,tt0072890,Dog Day Afternoon,1975,
2172,tt0120655,Dogma,1999,52
7050,tt0109642,Dolores Claiborne,1995,48
4121,tt0421054,Domino,2005,13
866,tt0119008,Donnie Brasco,1997,79
2177,tt0246578,Donnie Darko,2001,1
8826,tt0419706,Doom,2005,38
7696,tt0483607,Doomsday,2008,13
8056,tt3850214,Dope,2015,18
869,tt0036775,Double Indemnity,1944,
8827,tt0918927,Doubt,2008,40
8220,tt0090966,Down and Out in Beverly Hills,1986,145
8239,tt0033553,Dr. Jekyll and Mr. Hyde,1941,
6105,tt0103874,Dracula,1992,172
6106,tt0219653,Dracula 2000,2000,53
6266,tt0829150,Dracula Untold,2014,59
2182,tt1127180,Drag Me to Hell,2009,48
868,tt0082288,Dragonslayer,1981,18
6552,tt0285531,Dreamcatcher,2003,48
6420,tt1343727,Dredd,2012,14
2184,tt0780504,Drive,2011,38
2187,tt1502404,Drive Angry,2011,11
2188,tt0157503,Drop Dead Gorgeous,1999,18
8073,tt0097240,Drugstore Cowboy,1989,10
873,tt0023969,Duck Soup,1933,
8164,tt0067023,Duel,1971,
2193,tt0109686,Dumb & Dumber,1994,264
6617,tt2096672,Dumb and Dumber To,2014,91
875,tt0087182,Dune,1984,70
4146,tt0266489,Duplex,2003,13
879,tt1059786,Eagle Eye,2008,122
2201,tt0765443,Eastern Promises,2007,21
2202,tt1282140,Easy A,2010,64
8831,tt0109707,Ed Wood,1994,12
4150,tt1226273,Edge of Darkness,2010,47
2204,tt0131369,Edtv,1999,38
878,tt0099487,Edward Scissorhands,1990,116
2210,tt0271367,Eight Legged Freaks,2002,25
3986,tt0458522,El cantante,2006,10
7075,tt0061619,El Dorado,1966,47
1137,tt0104815,El mariachi,1992,4
2214,tt0126886,Election,1999,25
4159,tt0319343,Elf,2003,249
7124,tt0127536,Elizabeth,1998,55
885,tt0414055,Elizabeth: The Golden Age,2007,20
8835,tt0368709,Elizabethtown,2005,36
7763,tt1535108,Elysium,2013,99
5306,tt0116191,Emma,1996,43
4163,tt0338963,Encrypt,2003,
6373,tt0146675,End of Days,1999,114
6522,tt1855199,End of Watch,2012,44
2222,tt0120660,Enemy of the State,1998,207
2226,tt0278435,Enough,2002,58
5399,tt2390361,Enough Said,2013,18
8532,tt0070034,Enter the Dragon,1973,
2227,tt0137494,Entrapment,1999,150
2232,tt0238380,Equilibrium,2002,1
2234,tt0097289,Erik the Viking,1989,4
4169,tt0195685,Erin Brockovich,2000,203
6113,tt0079116,Escape from Alcatraz,1979,126
892,tt0116225,Escape from L.A.,1996,49
2239,tt0082340,Escape from New York,1981,78
2240,tt0338013,Eternal Sunshine of the Spotless Mind,2004,47
2243,tt0106834,Even Cowgirls Get the Blues,1993,3
2244,tt0119081,Event Horizon,1997,50
8627,tt1945084,Everly,2014,
7937,tt1531663,Everything Must Go,2010,2
6093,tt1828970,Evidence,2013,
4178,tt0892051,Evil Angel,2009,
4183,tt0083908,Evil Under the Sun,1982,13
5400,tt0470752,Ex Machina,2015,26
901,tt0116253,Executive Decision,1996,135
6973,tt0120907,eXistenZ,1999,4
6918,tt1528100,Exodus: Gods and Kings,2014,69
6148,tt0204313,Exorcist: The Beginning,2004,58
2254,tt1225822,Extract,2009,12
898,tt0120663,Eyes Wide Shut,1999,95
902,tt0119094,Face/Off,1997,212
8845,tt0119099,Fallen,1998,46
7089,tt0074512,Family Plot,1976,
2265,tt0120667,Fantastic Four,2005,210
2266,tt0432283,Fantastic Mr. Fox,2009,24
4198,tt0060397,Fantastic Voyage,1966,
4199,tt0297884,Far from Heaven,2002,23
5401,tt2935476,Far from the Madding Crowd,2015,12
8241,tt0097334,Farewell to the King,1989,5
2267,tt0116282,Fargo,1996,48
906,tt0083929,Fast Times at Ridgemont High,1982,
2273,tt0106873,Fatal Instinct,1993,16
5309,tt0101862,Father of the Bride,1991,184
2276,tt0120669,Fear and Loathing in Las Vegas,1998,19
4204,tt0362636,Fear of Clowns,2004,
910,tt0426459,Feast,2005,
909,tt0091042,Ferris Bueller's Day Off,1986,164
2282,tt0097351,Field of Dreams,1989,141
912,tt0137523,Fight Club,1999,63
915,tt0195714,Final Destination,2000,86
2294,tt0309593,Final Destination 2,2003,67
7904,tt0414982,Final Destination 3,2006,71
4214,tt2219868,Finders Keepers: The Root of All Evil,2013,
2296,tt0266543,Finding Nemo,2003,549
6539,tt0087262,Firestarter,1984,39
916,tt0065724,Five Easy Pieces,1970,
4218,tt0240507,Five Feet High and Rising,2000,
7154,tt0418689,Flags of Our Fathers,2006,44
2299,tt0080745,Flash Gordon,1980,
917,tt0089155,Fletch,1985,114
2303,tt1907668,Flight,2012,102
4220,tt0408790,Flightplan,2005,121
4221,tt1405500,For Colored Girls,2010,41
6100,tt0082398,For Your Eyes Only,1981,194
8850,tt0800039,Forgetting Sarah Marshall,2008,76
921,tt0109830,Forrest Gump,1994,686
7378,tt1341167,Four Lions,2010,
2311,tt0113101,Four Rooms,1995,8
2313,tt1100089,Foxcatcher,2014,12
2314,tt0488120,Fracture,2007,49
4227,tt0264616,Frailty,2001,20
2316,tt0083967,Frances,1982,14
8521,tt0021884,Frankenstein,1931,298
5404,tt1142977,Frankenweenie,2012,38
2325,tt0329101,Freddy vs. Jason,2003,118
6356,tt0101917,Freddy's Dead: The Final Nightmare,1991,72
6333,tt0073018,French Connection II,1975,
2331,tt0186151,Frequency,2000,72
2334,tt0080761,Friday the 13th,1980,121
7174,tt0758746,Friday the 13th,2009,75
4235,tt0083972,Friday the 13th Part III,1982,107
926,tt0097388,Friday the 13th Part VIII: Jason Takes Manhattan,1989,31
4241,tt0101921,Fried Green Tomatoes,1991,165
6042,tt1632708,Friends with Benefits,2011,61
2337,tt1438176,Fright Night,2011,20
2338,tt0116367,From Dusk Till Dawn,1996,20
6196,tt0120860,From Dusk Till Dawn 2: Texas Blood Money,1999,
6965,tt0870111,Frost/Nixon,2008,22
2343,tt2294629,Frozen,2013,429
2344,tt0978759,Frozen River,2008,3
2346,tt2334649,Fruitvale Station,2013,17
2350,tt0093058,Full Metal Jacket,1987,103
4251,tt0369441,Fun with Dick and Jane,2005,149
2352,tt1201167,Funny People,2009,60
6270,tt2713180,Fury,2014,91
937,tt0119173,G.I. Jane,1997,91
935,tt1046173,G.I. Joe: The Rise of Cobra,2009,174
4256,tt0177789,Galaxy Quest,1999,122
2358,tt0425055,Game 6,2005,
939,tt1034032,Gamer,2009,23
2368,tt0083987,Gandhi,1982,
2370,tt0118900,Gang Related,1997,10
942,tt0217505,Gangs of New York,2002,116
7849,tt1321870,Gangster Squad,2013,49
2374,tt0333766,Garden State,2004,37
941,tt0119177,Gattaca,1997,23
2380,tt0208988,Get Carter,2000,24
7858,tt2561572,Get Hard,2015,93
4260,tt1226229,Get Him to the Greek,2010,67
2382,tt1194263,Get Low,2009,10
5408,tt2473602,Get on Up,2014,32
2384,tt0113161,Get Shorty,1995,144
2389,tt0099653,Ghost,1990,448
2396,tt0288477,Ghost Ship,2002,45
7324,tt0082449,Ghost Story,1981,
7329,tt0995039,Ghost Town,2008,15
2399,tt0162346,Ghost World,2001,9
7290,tt0087332,Ghostbusters,1984,592
2405,tt0097428,Ghostbusters II,1989,245
953,tt0210070,Ginger Snaps,2000,
5315,tt0335119,Girl with a Pearl Earring,2003,16
2408,tt0172495,Gladiator,2000,303
8063,tt0097438,Gleaming the Cube,1989,6
2412,tt0104348,Glengarry Glen Ross,1992,22
8572,tt0080798,Gloria,1980,
8411,tt0097441,Glory,1989,58
8871,tt0385726,Glory Road,2006,56
2413,tt0139239,Go,1999,28
2419,tt0120684,Gods and Monsters,1998,11
6099,tt0113189,GoldenEye,1995,214
6271,tt2267998,Gone Girl,2014,178
8050,tt0187078,Gone in Sixty Seconds,2000,164
4286,tt0452625,Good Luck Chuck,2007,44
8881,tt0433383,"Good Night, and Good Luck.",2005,42
2427,tt0119217,Good Will Hunting,1997,261
4292,tt0099685,Goodfellas,1990,96
6515,tt0280707,Gosford Park,2001,63
962,tt0348836,Gothika,2003,85
2436,tt1205489,Gran Torino,2008,179
2438,tt0022958,Grand Hotel,1932,
2440,tt0338075,Grand Theft Parsons,2003,
5410,tt4270516,Grandma,2015,7
2445,tt1454468,Gravity,2013,293
8887,tt1133985,Green Lantern,2011,128
4306,tt0947810,Green Zone,2010,38
4308,tt1234654,Greenberg,2010,4
971,tt0087363,Gremlins,1984,383
973,tt0099700,Gremlins 2: The New Batch,1990,85
6140,tt0462322,Grindhouse,2007,31
974,tt0119229,Grosse Pointe Blank,1997,53
975,tt0107048,Groundhog Day,1993,148
2462,tt0113243,Hackers,1995,15
2465,tt0480687,Hall Pass,2011,49
6836,tt0077651,Halloween,1978,174
4311,tt0373883,Halloween,2007,73
4315,tt0095271,Halloween 4: The Return of Michael Myers,1988,37
6119,tt0097474,Halloween 5,1989,25
4317,tt0120694,Halloween H20: 20 Years Later,1998,102
6837,tt0082495,Halloween II,1981,79
4319,tt0220506,Halloween: Resurrection,2002,45
978,tt0113253,Halloween: The Curse of Michael Myers,1995,30
2470,tt0993842,Hanna,2011,44
2472,tt0091167,Hannah and Her Sisters,1986,94
6568,tt0212985,Hannibal,2001,253
6315,tt0367959,Hannibal Rising,2007,35
6958,tt0079268,Hanover Street,1979,
983,tt0067180,"Happy Birthday, Wanda June",1971,
4328,tt0210094,Happy Campers,2001,
2483,tt0366548,Happy Feet,2006,262
985,tt0120696,Hard Rain,1998,36
8404,tt0073092,Hard Times,1975,21
986,tt0099739,Hard to Kill,1990,97
4333,tt0079271,Hardcore,1979,
4334,tt0099740,Hardware,1990,11
988,tt0366551,Harold & Kumar Go to White Castle,2004,25
4337,tt0067185,Harold and Maude,1971,
7607,tt0060490,Harper,1966,
989,tt0295297,Harry Potter and the Chamber of Secrets,2002,392
2492,tt0330373,Harry Potter and the Goblet of Fire,2005,393
4339,tt0417741,Harry Potter and the Half-Blood Prince,2009,350
992,tt0304141,Harry Potter and the Prisoner of Azkaban,2004,348
991,tt0241527,Harry Potter and the Sorcerer's Stone,2001,488
7175,tt0422401,Hatchet,2006,
7176,tt1270835,Hatchet II,2010,
7177,tt1870419,Hatchet III,2013,
4341,tt2257436,Hate Crime,2012,
2498,tt1001508,He's Just Not That Into You,2009,109
6585,tt0252501,Hearts in Atlantis,2001,37
996,tt0113277,Heat,1995,134
4345,tt0097493,Heathers,1988,2
6045,tt1929263,Heaven Is for Real,2014,97
2505,tt0110005,Heavenly Creatures,1994,6
1001,tt0252503,Heist,2001,
7446,tt0167190,Hellboy,2004,82
1002,tt0411477,Hellboy II: The Golden Army,2008,91
2519,tt0093177,Hellraiser,1987,32
1006,tt0104409,Hellraiser III: Hell on Earth,1992,26
2524,tt0337636,Hellraiser: Deader,2005,
2529,tt0274546,Hellraiser: Hellseeker,2002,
1010,tt0122529,Henry Fool,1997,2
4351,tt1029120,Henry Poole Is Here,2008,2
2534,tt1220888,Henry's Crime,2010,
4352,tt1798709,Her,2013,27
5521,tt0119282,Hercules,1997,187
4353,tt1212419,Hereafter,2010,36
4354,tt0104412,Hero,1992,40
2535,tt1403177,Hesher,2010,
2536,tt0146882,High Fidelity,2000,44
2540,tt0091203,Highlander,1986,13
1008,tt0144964,Highlander: Endgame,2000,20
1015,tt0032599,His Girl Friday,1940,
7780,tt0386588,Hitch,2005,241
4361,tt0975645,Hitchcock,2012,6
4365,tt0311289,Holes,2003,97
2548,tt0164052,Hollow Man,2000,118
7120,tt0099785,Home Alone,1990,588
2550,tt0829193,Honeydripper,2007,
8618,tt0102057,Hook,1991,247
4369,tt0093209,Hope and Glory,1987,22
6300,tt1528071,Horns,2013,
2551,tt1499658,Horrible Bosses,2011,129
8243,tt2170439,Horrible Bosses 2,2014,57
1016,tt0340163,Hostage,2005,46
8902,tt0425112,Hot Fuzz,2007,29
4373,tt0787475,Hot Rod,2007,17
8157,tt0079308,Hot Stuff,1979,
2558,tt1231587,Hot Tub Time Machine,2010,55
1019,tt0395169,Hotel Rwanda,2004,32
1018,tt0251736,House of 1000 Corpses,2003,18
7445,tt0093223,House of Games,1987,5
4377,tt0116573,House of the Damned,1996,
7167,tt0397065,House of Wax,2005,43
4378,tt0185371,House on Haunted Hill,1999,69
4379,tt1341188,How Do You Know,2010,33
2565,tt0455538,How to Lose Friends & Alienate People,2008,3
2566,tt0892769,How to Train Your Dragon,2010,239
2567,tt1646971,How to Train Your Dragon 2,2014,188
2569,tt0102070,Hudson Hawk,1991,35
6672,tt0286716,Hulk,2003,190
2576,tt0219822,Human Nature,2001,1
5533,tt0116583,Hunchback of Notre Dame,1996,196
5416,tt1477855,Hyde Park on Hudson,2012,6
4392,tt0480249,I Am Legend,2007,323
2579,tt1464540,I Am Number Four,2011,60
2580,tt0277027,I Am Sam,2001,61
7148,tt0119345,I Know What You Did Last Summer,1997,136
2582,tt1045772,I Love You Phillip Morris,2009,2
4394,tt1691920,I Melt with You,2011,
5417,tt3640682,I Smile Back,2015,
2584,tt1242432,I Spit on Your Grave,2010,
2585,tt0130018,I Still Know What You Did Last Summer,1998,74
4395,tt0770772,I Think I Love My Wife,2007,15
4396,tt0036027,I Walked with a Zombie,1943,
2587,tt0110097,I'll Do Anything,1994,21
5418,tt3236120,I'll See You in My Dreams,2015,7
8911,tt0343818,"I, Robot",2004,203
4397,tt0309698,Identity,2003,74
7447,tt2024432,Identity Thief,2013,143
4399,tt0387808,Idiocracy,2006,0
8916,tt0780536,In Bruges,2008,9
4403,tt0385267,In Good Company,2004,63
4404,tt0388125,In Her Shoes,2005,44
2596,tt0247425,In the Bedroom,2001,55
8488,tt0107206,In the Line of Fire,1993,214
2597,tt1226774,In the Loop,2009,2
7102,tt0113409,In the Mouth of Madness,1994,18
4409,tt0478134,In the Valley of Elah,2007,8
6747,tt1637688,In Time,2011,41
2598,tt1375666,Inception,2010,323
1030,tt0116629,Independence Day,1996,602
7330,tt0367882,Indiana Jones and the Kingdom of the Crystal Skull,2008,384
2604,tt0097576,Indiana Jones and the Last Crusade,1989,431
1036,tt0087469,Indiana Jones and the Temple of Doom,1984,466
5420,tt1969062,Infinitely Polar Bear,2014,1
4423,tt0361748,Inglourious Basterds,2009,140
6867,tt1791528,Inherent Vice,2014,8
2613,tt0093260,Innerspace,1987,57
6968,tt0454848,Inside Man,2006,117
5424,tt2096673,Inside Out,2015,367
2618,tt1591095,Insidious,2010,59
7779,tt2226417,Insidious: Chapter 2,2013,89
2619,tt0278504,Insomnia,2002,100
6092,tt0816692,Interstellar,2014,200
2622,tt0110148,Interview with the Vampire: The Vampire Chronicles,1994,218
7424,tt0089346,Into the Night,1985,16
2625,tt0758758,Into the Wild,2007,23
5423,tt2180411,Into the Woods,2014,136
1041,tt0138524,Intolerable Cruelty,2003,50
2629,tt0119381,Inventing the Abbotts,1997,11
2632,tt1057500,Invictus,2009,43
4437,tt0037820,Isle of the Dead,1945,
7631,tt3235888,It Follows,2014,15
2642,tt0038650,It's a Wonderful Life,1946,
2644,tt1230414,It's Complicated,2009,131
4440,tt0804497,It's Kind of a Funny Story,2010,7
4441,tt1278379,Jack Goes Boating,2010,0
6495,tt0790724,Jack Reacher,2012,87
2653,tt0119396,Jackie Brown,1997,75
1053,tt0099871,Jacob's Ladder,1990,53
2660,tt1229822,Jane Eyre,2011,12
4238,tt0107254,Jason Goes to Hell: The Final Friday,1993,33
4236,tt0091080,Jason Lives: Friday the 13th Part VI,1986,44
2664,tt0211443,Jason X,2001,19
2666,tt0073195,Jaws,1975,1103
2671,tt0077766,Jaws 2,1978,382
4449,tt0085750,Jaws 3-D,1983,116
4450,tt0093300,Jaws: The Revenge,1987,46
2673,tt0261392,Jay and Silent Bob Strike Back,2001,46
4453,tt0301470,Jeepers Creepers II,2003,50
7624,tt1588334,"Jeff, Who Lives at Home",2011,4
2675,tt0104549,Jennifer 8,1992,23
7157,tt1131734,Jennifer's Body,2009,18
8120,tt0068762,Jeremiah Johnson,1972,
2679,tt0116695,Jerry Maguire,1996,303
2682,tt0102138,JFK,1991,145
1061,tt0425151,Jimmy and Judy,2006,
1060,tt0251160,John Q,2002,106
4459,tt1075747,Jonah Hex,2010,11
4460,tt0298388,Jonah: A VeggieTales Movie,2002,38
8196,tt2446980,Joy,2015,57
7892,tt0206314,Joy Ride,2001,33
2687,tt0113492,Judge Dredd,1995,69
8307,tt0045943,Julius Caesar,1953,
7651,tt0489099,Jumper,2008,97
6798,tt0091306,Jumpin' Jack Flash,1986,60
2688,tt0467406,Juno,2007,180
2690,tt0107290,Jurassic Park,1993,844
1062,tt0163025,Jurassic Park III,2001,278
4488,tt0272152,K-PAX,2001,77
1067,tt0102181,Kafka,1991,2
8434,tt0080979,Kagemusha,1980,
2697,tt0107302,Kalifornia,1993,5
1213,tt0035423,Kate & Leopold,2001,72
6864,tt1250777,Kick-Ass,2010,52
7180,tt0113537,Kicking and Screaming,1995,1
2699,tt0113540,Kids,1995,14
4473,tt0116768,Kids in the Hall: Brain Candy,1996,5
4474,tt0266697,Kill Bill (Pt 1+2),2003,101
6193,tt0378194,Kill Bill: Vol. 2,2004,92
4477,tt1311071,Kill Your Darlings,2013,1
7130,tt1726669,Killer Joe,2011,2
6302,tt1764234,Killing Them Softly,2012,16
8508,tt0110265,Killing Zoe,1993,0
8174,tt0024216,King Kong,1933,
2704,tt0360717,King Kong,2005,295
8382,tt0320661,Kingdom of Heaven,2005,64
7730,tt2802144,Kingsman: The Secret Service,2014,136
8510,tt0113552,Kiss of Death,1995,29
2711,tt0089424,Kiss of the Spider Woman,1985,
2713,tt0067309,Klute,1971,
8045,tt1013743,Knight and Day,2010,84
4487,tt0104627,Knight Moves,1992,1
2714,tt0478311,Knocked Up,2007,188
4489,tt0079417,Kramer vs. Kramer,1979,367
1077,tt0119485,Kundun,1997,10
2719,tt0441773,Kung Fu Panda,2008,260
701,tt0053619,L'Avventura,1960,
1080,tt0119488,L.A. Confidential,1997,122
7521,tt0093378,La Bamba,1987,120
4495,tt1967545,Labor Day,2013,14
2728,tt0139414,Lake Placid,1999,54
2731,tt0418819,Land of the Dead,2005,27
2733,tt1583420,Larry Crowne,2011,39
8958,tt0107362,Last Action Hero,1993,105
2736,tt1046947,Last Chance Harvey,2008,18
8412,tt0116830,Last Man Standing,1996,35
8961,tt1294688,Last Night,2010,
2743,tt0070849,Last Tango in Paris,1972,
8963,tt0479942,Last Time Forever,2006,
1091,tt1197624,Law Abiding Citizen,2009,85
7882,tt1212450,Lawless,2012,40
5432,tt3062976,Learning to Drive,2014,3
2745,tt0113627,Leaving Las Vegas,1995,64
9247,tt1327773,Lee Daniels' The Butler,2013,125
1093,tt0250494,Legally Blonde,2001,146
7922,tt3569230,Legend,2015,1
4515,tt0089469,Legend,1985,37
1094,tt1038686,Legion,2010,44
4516,tt0126388,Legionnaire,1998,
4519,tt0110413,LÈon: The Professional,1994,67
2754,tt1707386,Les MisÈrables,2012,162
9253,tt1228987,Let Me In,2010,13
2755,tt0093409,Lethal Weapon,1987,145
2757,tt0122151,Lethal Weapon 4,1998,241
8970,tt0498380,Letters from Iwo Jima,2006,18
4525,tt0892318,Letters to Juliet,2010,58
1097,tt0097737,Leviathan,1989,34
8971,tt0119528,Liar Liar,1997,343
2762,tt0123964,Life,1999,109
2764,tt0264796,Life as a House,2001,23
5916,tt0118799,Life Is Beautiful,1997,109
2769,tt0454876,Life of Pi,2012,136
8972,tt0399281,Life on Liberty Street,2004,
8453,tt0093415,Light of Day,1987,23
2770,tt0102307,Light Sleeper,1992,2
2775,tt1219289,Limitless,2011,86
2777,tt0443272,Lincoln,2012,198
6966,tt0891527,Lions for Lambs,2007,18
1107,tt0417907,Little Athens,2005,
4539,tt0404203,Little Children,2006,7
7535,tt0102316,Little Man Tate,1991,51
4540,tt0449059,Little Miss Sunshine,2006,79
2785,tt0185431,Little Nicky,2000,63
6101,tt0070328,Live and Let Die,1973,174
2787,tt0113677,Living in Oblivion,1995,2
8562,tt0085859,Local Hero,1983,
2789,tt0120735,"Lock, Stock and Two Smoking Barrels",1998,6
5431,tt2692904,Locke,2013,1
4543,tt0074812,Logan's Run,1976,102
2793,tt0116905,Lone Star,1996,26
5433,tt1091191,Lone Survivor,2013,133
4553,tt0318155,Looney Tunes: Back in Action,2003,30
2797,tt1276104,Looper,2012,72
2799,tt0113690,Lord of Illusions,1995,26
2804,tt0399295,Lord of War,2005,32
4561,tt0116922,Lost Highway,1997,7
2807,tt0029162,Lost Horizon,1937,
8272,tt0089504,Lost in America,1985,
1118,tt0120738,Lost in Space,1998,128
2812,tt0335266,Lost in Translation,2003,64
4565,tt0160484,Lost Souls,2000,27
2814,tt0199725,Love & Basketball,2000,44
8232,tt0758752,Love & Other Drugs,2010,35
5435,tt2639344,Love Is Strange,2014,2
8556,tt0425210,Lucky Number Slevin,2006,29
6529,tt2872732,Lucy,2014,135
5437,tt0434541,Macbeth,2006,1
2815,tt0985694,Machete,2010,29
2816,tt1586752,Machine Gun Preacher,2011,0
4572,tt0227005,Made,2001,8
4575,tt1371155,Made in Dagenham,2010,1
2821,tt0175880,Magnolia,1999,38
6155,tt0070355,Magnum Force,1973,
2824,tt0097815,Major League,1989,109
8423,tt0089537,Mala Noche,1986,
1126,tt0104797,Malcolm X,1992,101
8653,tt1587310,Maleficent,2014,256
1127,tt0328099,Malibu's Most Wanted,2003,49
7548,tt0107497,Malice,1993,96
6388,tt0113749,Mallrats,1995,4
1128,tt0328107,Man on Fire,2004,109
2833,tt0125664,Man on the Moon,1999,59
1129,tt0104804,Man Trouble,1992,8
7871,tt3064298,Man Up,2015,
4588,tt0073349,Mandingo,1975,
2846,tt0107507,Manhattan Murder Mystery,1993,23
1136,tt0091474,Manhunter,1986,20
7307,tt2172584,Maps to the Stars,2014,
8992,tt0466893,Margaret,2011,
2852,tt1615147,Margin Call,2011,5
2854,tt0757361,Margot at the Wedding,2007,2
4596,tt0390221,Maria Full of Grace,2004,9
2857,tt0822832,Marley & Me,2008,173
4597,tt0116996,Mars Attacks!,1996,74
2858,tt1441326,Martha Marcy May Marlene,2011,3
8614,tt1663655,Martyrs,2015,
4228,tt0109836,Mary Shelley's Frankenstein,1994,45
6514,tt0066026,MASH,1970,458
2865,tt0311113,Master and Commander: The Far Side of the World,2003,135
6833,tt0416320,Match Point,2005,31
1142,tt0325805,Matchstick Men,2003,53
4601,tt0110478,Maverick,1994,212
1146,tt0467197,Max Payne,2008,49
6580,tt0091499,Maximum Overdrive,1986,17
5440,tt2582496,Me and Earl and the Dying Girl,2015,6
8233,tt2507238,Me Him Her,2015,
4605,tt0377092,Mean Girls,2004,120
4606,tt0070379,Mean Streets,1973,
2881,tt0119643,Meet Joe Black,1998,82
2884,tt0033891,Meet John Doe,1941,
4607,tt0081150,Melvin and Howard,1980,
2887,tt0209144,Memento,2000,41
4608,tt0397535,Memoirs of a Geisha,2005,77
7323,tt0104850,Memoirs of an Invisible Man,1992,30
4609,tt0100133,Memphis Belle,1990,56
1148,tt0119654,Men in Black,1997,473
2894,tt1409024,Men in Black 3,2012,195
1152,tt0119664,Metro,1997,60
2900,tt0430357,Miami Vice,2006,84
4619,tt0465538,Michael Clayton,2007,61
4622,tt1211890,Middle of Nowhere,2012,
2901,tt0064665,Midnight Cowboy,1969,
1155,tt0077928,Midnight Express,1978,130
9008,tt1605783,Midnight in Paris,2011,62
4625,tt0120751,Mighty Joe Young,1998,93
4626,tt0113820,Mighty Morphin Power Rangers: The Movie,1995,75
1153,tt1013753,Milk,2008,38
5930,tt0405159,Million Dollar Baby,2004,140
2918,tt0119675,Mimic,1997,48
2920,tt0425253,Mini's First Time,2006,
7986,tt2293640,Minions,2015,346
2924,tt0181689,Minority Report,2002,197
2927,tt0790686,Mirrors,2008,37
2930,tt0100157,Misery,1990,126
1165,tt0183523,Mission to Mars,2000,98
2933,tt0117060,Mission: Impossible,1996,356
2935,tt0120755,Mission: Impossible II,2000,347
5442,tt2349144,Mississippi Grind,2015,
5443,tt2872462,Mistress America,2015,2
7697,tt0082763,Modern Problems,1981,
9015,tt1210166,Moneyball,2011,82
1166,tt0166276,Monkeybone,2001,8
6050,tt0385880,Monster House,2006,97
2944,tt0285742,Monster's Ball,2001,48
9017,tt1453405,Monsters University,2013,286
7991,tt0198781,"Monsters, Inc.",2001,445
2945,tt1067774,Monte Carlo,2011,25
2946,tt1182345,Moon,2009,5
2947,tt1748122,Moonrise Kingdom,2012,49
2949,tt0093565,Moonstruck,1987,179
7332,tt3045616,Mortdecai,2015,7
8218,tt0087747,Moscow on the Hudson,1984,64
8604,tt0081184,Motel Hell,1980,
4647,tt1121977,Mother and Child,2009,1
9021,tt0356910,Mr. & Mrs. Smith,2005,252
2952,tt0040613,Mr. Blandings Builds His Dream House,1948,
1169,tt0780571,Mr. Brooks,2007,36
2954,tt0027996,Mr. Deeds Goes to Town,1936,
4658,tt0031679,Mr. Smith Goes to Washington,1939,
5448,tt2473794,Mr. Turner,2014,4
2957,tt0119280,Mrs Brown,1997,17
4660,tt0117104,Mrs. Winterbourne,1996,19
2959,tt1935179,Mud,2012,23
2961,tt0120762,Mulan,1998,224
2962,tt0166924,Mulholland Drive,2001,11
2964,tt0140397,Mumford,1999,7
9025,tt0408306,Munich,2005,64
2968,tt0166943,Music of the Heart,1999,25
2969,tt0110604,Mute Witness,1995,2
6625,tt0359715,My Best Friend's Birthday,1987,
1179,tt0119738,My Best Friend's Wedding,1997,240
7698,tt0259446,My Big Fat Greek Wedding,2002,360
7149,tt1179891,My Bloody Valentine,2009,59
7926,tt0100212,My Blue Heaven,1990,48
7219,tt0081207,My Bodyguard,1980,
8253,tt0104952,My Cousin Vinny,1992,110
1178,tt0102492,My Girl,1991,123
4670,tt0110613,My Girl 2,1994,34
8420,tt0102494,My Own Private Idaho,1991,13
4674,tt1909807,My Pure Joy,2011,
2975,tt1655420,My Week with Marilyn,2011,16
2976,tt0132347,Mystery Men,1999,50
4677,tt0024368,Mystery of the Wax Museum,1933,
7502,tt0327056,Mystic River,2003,129
7212,tt0102511,Naked Lunch,1991,5
7441,tt0100224,Narrow Margin,1990,22
2980,tt0073440,Nashville,1975,
4684,tt0368891,National Treasure,2004,242
8055,tt0465234,National Treasure: Book of Secrets,2007,278
1185,tt0110632,Natural Born Killers,1994,104
4685,tt0093605,Near Dark,1987,7
4686,tt1821549,Nebraska,2013,18
6554,tt0107665,Needful Things,1993,31
4688,tt0074958,Network,1976,
2986,tt0151738,Never Been Kissed,1999,95
4690,tt1334260,Never Let Me Go,2010,2
4691,tt0111686,New Nightmare,1994,37
1186,tt0363282,New York Minute,2004,19
1188,tt0104990,Newsies,1992,5
1190,tt0435705,Next,2007,22
2996,tt0195945,Next Friday,2000,92
6215,tt0981227,Nick and Norah's Infinite Playlist,2008,38
2998,tt0113972,Nick of Time,1995,16
5452,tt2872718,Nightcrawler,2014,34
3009,tt0875034,Nine,2009,22
4710,tt0080319,Nine to Five,1980,333
3014,tt1186367,Ninja Assassin,2009,44
3016,tt0031725,Ninotchka,1939,45
4711,tt0113987,Nixon,1995,27
6150,tt0477348,No Country for Old Men,2007,93
8409,tt1781922,No Escape,2015,28
4716,tt1763264,No One Lives,2012,
3019,tt1411238,No Strings Attached,2011,77
7659,tt1959490,Noah,2014,107
7129,tt0079638,Norma Rae,1979,
4344,tt0790721,Normal Adolescent Behavior,2007,
7080,tt0053125,North by Northwest,1959,
4721,tt0058414,Nothing But a Man,1964,
3020,tt0125439,Notting Hill,1999,198
4723,tt0114011,Now and Then,1995,54
7681,tt1670345,Now You See Me,2013,126
4725,tt1266029,Nowhere Boy,2009,1
7034,tt0107711,Nowhere to Run,1993,46
3024,tt0171580,Nurse Betty,2000,40
4730,tt0190590,"O Brother, Where Art Thou?",2000,73
3026,tt1483013,Oblivion,2013,95
3027,tt1197628,Observe and Report,2009,27
3028,tt1198138,Obsessed,2009,79
6509,tt0074991,Obsession,1976,
3029,tt0240772,Ocean's Eleven,2001,281
3031,tt0349903,Ocean's Twelve,2004,176
6234,tt0086034,Octopussy,1983,187
6919,tt2388715,Oculus,2013,29
3033,tt0151804,Office Space,1999,18
8450,tt0079660,Old Boyfriends,1979,
7940,tt0302886,Old School,2003,107
4744,tt0082846,On Golden Pond,1981,372
4745,tt0047296,On the Waterfront,1954,185
5937,tt0087843,Once Upon a Time in America,1984,13
9051,tt1196956,One Chance,2013,
4748,tt0118531,One Eight Seven,1997,10
7890,tt0479968,One Missed Call,2008,32
3040,tt1602613,Only God Forgives,2013,0
4758,tt0110737,Only You,1994,41
3042,tt0081283,Ordinary People,1980,177
1208,tt0054240,Orgy of the Dead,1965,
1211,tt1148204,Orphan,2009,48
6156,tt1204977,Ouija,2014,54
3047,tt0120780,Out of Sight,1998,69
9057,tt0114069,Outbreak,1995,135
7295,tt0804516,P2,2007,5
6331,tt1663662,Pacific Rim,2013,109
7706,tt1980209,Pain & Gain,2013,53
7759,tt3332064,Pan,2015,36
4157,tt0457430,Pan's Labyrinth,2006,49
3055,tt1188729,Pandorum,2009,11
1215,tt0258000,Panic Room,2002,142
4765,tt0114084,Panther,1995,13
3059,tt2006810,Papadopoulos & Sons,2012,
7769,tt3622592,Paper Towns,2015,33
3060,tt1623288,ParaNorman,2012,61
3062,tt1233334,Pariah,2011,0
7210,tt0070518,Pat Garrett & Billy the Kid,1973,
3069,tt1092026,Paul,2011,41
5456,tt1596345,Pawn Sacrifice,2014,2
8533,tt3733778,Pay the Ghost,2015,
7499,tt0120784,Payback,1999,139
1219,tt0213149,Pearl Harbor,2001,305
1221,tt0054167,Peeping Tom,1960,
1220,tt0091738,Peggy Sue Got Married,1986,97
7765,tt1716777,People Like Us,2012,13
3076,tt0403407,Perfect Creature,2006,
3082,tt0098084,Pet Sematary,1989,126
1223,tt0105128,Pet Sematary II,1992,35
1225,tt0063426,Petulia,1968,
3087,tt0107818,Philadelphia,1993,162
7358,tt2431286,Philomena,2013,40
3089,tt0183649,Phone Booth,2002,69
3091,tt0138704,Pi,1998,5
3097,tt0910936,Pineapple Express,2008,105
8352,tt0449088,Pirates of the Caribbean: At World's End,2007,390
8351,tt0383574,Pirates of the Caribbean: Dead Man's Chest,2006,561
8350,tt0325980,Pirates of the Caribbean: The Curse of the Black Pearl,2003,440
3105,tt0134847,Pitch Black,2000,63
8655,tt1981677,Pitch Perfect,2012,71
6029,tt2120120,Pixels,2015,81
4791,tt0063442,Planet of the Apes,1968,172
3110,tt0091763,Platoon,1986,323
6128,tt0067588,Play Misty for Me,1971,
3113,tt0120789,Pleasantville,1998,75
5458,tt0878835,Please Give,2010,4
8652,tt0114148,Pocahontas,1995,284
3116,tt0102685,Point Break,1991,89
8058,tt0107843,Point of No Return,1993,63
5523,tt0190641,PokÈmon: The First Movie - Mewtwo Strikes Back,1998,158
6052,tt1921064,Pompeii,2014,24
4812,tt0256276,Possession,2002,15
5344,tt0120791,Practical Magic,1998,86
3124,tt0929632,Precious,2009,55
1244,tt0093773,Predator,1987,132
7233,tt0100403,Predator 2,1990,63
7231,tt1424381,Predators,2010,57
1245,tt0100405,Pretty Woman,1990,366
3133,tt0414387,Pride & Prejudice,2005,52
3135,tt0822847,Priest,2011,31
8559,tt0117381,Primal Fear,1996,110
6846,tt0093777,Prince of Darkness,1987,31
7466,tt0473075,Prince of Persia: The Sands of Time,2010,100
9083,tt1392214,Prisoners,2013,65
8308,tt0081375,Private Benjamin,1980,225
6154,tt0081383,Prom Night,1980,
6649,tt1446714,Prometheus,2012,137
5460,tt2091473,Promised Land,2012,8
1251,tt0054215,Psycho,1960,545
8268,tt0086154,Psycho II,1983,88
4829,tt1152836,Public Enemies,2009,112
1257,tt0110912,Pulp Fiction,1994,224
1253,tt0272338,Punch-Drunk Love,2002,26
1256,tt0087957,Purple Rain,1984,
7682,tt0465580,Push,2009,36
3161,tt0239860,Quantum Project,2000,
3162,tt0238546,Queen of the Damned,2002,45
4838,tt0180073,Quills,2000,11
4840,tt0110932,Quiz Show,1994,51
4844,tt0935075,Rabbit Hole,2010,2
7237,tt0076590,Rabid,1977,
3167,tt1084950,Rachel Getting Married,2008,15
3169,tt0081398,Raging Bull,1980,
1034,tt0082971,Raiders of the Lost Ark,1981,9
4851,tt0822849,Rails & Ties,2007,
6145,tt0093822,Raising Arizona,1987,50
3174,tt0102753,Rambling Rose,1991,12
1264,tt0089880,Rambo: First Blood Part II,1985,367
6466,tt1640548,Rampart,2011,1
8516,tt0117438,Ransom,1996,267
4853,tt0382932,Ratatouille,2007,260
8115,tt0129332,Ravenous,1999,3
1267,tt0089886,Real Genius,1985,31
3182,tt0047396,Rear Window,1954,30
4288,tt2304953,Reasonable Doubt,2014,
6313,tt0289765,Red Dragon,2002,139
8417,tt0095963,Red Heat,1988,74
8490,tt1748179,Red Lights,2012,
1269,tt0199753,Red Planet,2000,28
3189,tt1486185,Red Riding Hood,2011,41
8054,tt0105226,Red Rock West,1993,5
7647,tt1012804,Redbelt,2008,2
3190,tt0184858,Reindeer Games,2000,37
5461,tt3704050,Remember,2015,
3194,tt1403981,Remember Me,2010,21
4863,tt0294870,Rent,2005,39
1273,tt0087995,Repo Man,1984,
4866,tt0180093,Requiem for a Dream,2000,5
3202,tt0105236,Reservoir Dogs,1992,5
3204,tt0120804,Resident Evil,2002,59
6054,tt1855325,Resident Evil: Retribution,2012,46
4871,tt0122459,Return to Me,2000,52
7426,tt0100485,Revenge,1990,32
3209,tt0959337,Revolutionary Road,2008,27
6731,tt0102789,Ricochet,1991,45
7252,tt1411250,Riddick,2013,44
3212,tt1446192,Rise of the Guardians,2012,112
3213,tt1318514,Rise of the Planet of the Apes,2011,194
7544,tt0086200,Risky Business,1983,175
3216,tt0120801,RKO 281,1999,
1283,tt0102798,Robin Hood: Prince of Thieves,1991,343
8199,tt1336608,Rock of Ages,2012,42
1285,tt1032755,RocknRolla,2008,6
1284,tt0075148,Rocky,1976,477
7878,tt0479143,Rocky Balboa,2006,93
7875,tt0079817,Rocky II,1979,
7876,tt0084602,Rocky III,1982,47
7877,tt0100507,Rocky V,1990,84
8446,tt0076637,Rolling Thunder,1977,
1286,tt1645131,Romeo & Juliet,2013,1
4888,tt0117509,Romeo + Juliet,1996,91
1287,tt0122690,Ronin,1998,77
5462,tt3170832,Room,2015,10
1292,tt0041827,Roughshod,1949,
8526,tt0128442,Rounders,1998,42
7545,tt2199571,Run All Night,2015,27
3242,tt0163187,Runaway Bride,1999,260
8210,tt2364841,Runner Runner,2013,20
6372,tt0091875,Running Scared,1986,90
3244,tt1979320,Rush,2013,28
3248,tt0120812,Rush Hour,1998,261
3250,tt0266915,Rush Hour 2,2001,347
1291,tt0128445,Rushmore,1998,31
3254,tt2053425,Rust and Bone,2012,2
1297,tt1231277,S. Darko,2009,
3345,tt0258153,S1m0ne,2002,14
7977,tt1742334,Sabotage,2014,11
7522,tt1599348,Safe House,2012,137
9111,tt1862079,Safety Not Guaranteed,2012,4
6058,tt0944835,Salt,2010,130
4906,tt0047443,Salt of the Earth,1954,
7930,tt2126355,San Andreas,2015,159
4912,tt0486569,Sasquatch Mountain,2006,
1295,tt0206275,Save the Last Dance,2001,139
3265,tt2140373,Saving Mr. Banks,2013,89
3270,tt0120815,Saving Private Ryan,1998,400
3271,tt0387564,Saw,2004,77
7344,tt0890870,Saw IV,2007,80
4914,tt0098258,Say Anything...,1989,45
6613,tt0081455,Scanners,1981,
1305,tt0086250,Scarface,1983,1
4918,tt0257106,Scary Movie 2,2001,109
9116,tt0108052,Schindler's List,1993,201
8216,tt0332379,School of Rock,2003,117
7058,tt0267913,Scooby-Doo,2002,229
3280,tt0446029,Scott Pilgrim vs. the World,2010,34
4920,tt0117571,Scream,1996,202
6992,tt0120082,Scream 2,1997,191
3285,tt0134084,Scream 3,2000,143
3288,tt0114369,Se7en,1995,200
4923,tt0098273,Sea of Love,1989,128
8613,tt0814343,SÈance,2006,
6576,tt0108065,Searching for Bobby Fischer,1993,15
6083,tt0479997,Season of the Witch,2011,27
7362,tt2837296,Second Coming,2014,
4928,tt1028576,Secretariat,2010,65
6962,tt1307068,Seeking a Friend for the End of the World,2012,7
7132,tt0081480,Seems Like Old Times,1980,
8094,tt2140379,Self/less,2015,12
7709,tt1020072,Selma,2014,55
1307,tt0839980,Semi-Pro,2008,40
3293,tt0114388,Sense and Sensibility,1995,85
7808,tt0240890,Serendipity,2001,76
3294,tt0379786,Serenity,2005,34
1310,tt0111127,Serial Mom,1994,16
7454,tt0070666,Serpico,1973,
4938,tt0221928,Seven Days to Live,2000,
7973,tt1931533,Seven Psychopaths,2012,16
8431,tt0047478,Seven Samurai,1954,
3300,tt1000774,Sex and the City,2008,185
3301,tt0098724,"Sex, Lies, and Videotape",1989,54
3302,tt0376874,Sexual Life,2005,
9121,tt0189998,Shadow of the Vampire,2000,13
3306,tt0138097,Shakespeare in Love,1998,185
3310,tt0111149,Shallow Grave,1994,5
3313,tt1723811,Shame,2011,4
3314,tt0073692,Shampoo,1975,
7906,tt1633356,Shark Night 3D,2011,20
9123,tt0365748,Shaun of the Dead,2004,18
7526,tt0041866,She Wore a Yellow Ribbon,1949,
1320,tt0815236,She's Out of My League,2010,34
7657,tt0988045,Sherlock Holmes,2009,242
3323,tt1104126,Shifty,2008,
1324,tt0073705,Shivers,1975,
4948,tt0084675,Shoot the Moon,1982,
7126,tt0338427,Shopgirl,2005,13
4949,tt2370248,Short Term 12,2013,1
4107,tt0263265,Shortcut to Happiness,2003,
7014,tt0114436,Showgirls,1995,40
3331,tt0126029,Shrek,2001,411
8649,tt0298148,Shrek 2,2004,610
3332,tt0413267,Shrek the Third,2007,405
7740,tt3397884,Sicario,2015,48
3333,tt0375063,Sideways,2004,100
1325,tt0286106,Signs,2002,341
8215,tt0384537,Silent Hill,2006,62
1329,tt0090021,Silver Bullet,1985,
4959,tt0075223,Silver Streak,1976,
4960,tt0090022,Silverado,1985,81
7830,tt1127715,Sin Nombre,2009,2
3347,tt0105414,Single White Female,1992,100
8471,tt1922777,Sinister,2012,52
1333,tt0105417,Sister Act,1992,293
3350,tt0108149,Six Degrees of Separation,1993,13
6280,tt0088128,Sixteen Candles,1984,53
4968,tt0301848,Slash,2002,
7557,tt1588398,Sleeping Beauty,2011,
5525,tt0053285,Sleeping Beauty,1959,880
3357,tt0108160,Sleepless in Seattle,1993,266
3358,tt0162661,Sleepy Hollow,1999,172
3361,tt0117666,Sling Blade,1996,48
3364,tt0439815,Slither,2006,10
5467,tt3205376,Slow West,2015,
3365,tt1010048,Slumdog Millionaire,2008,170
5468,tt2063781,Smashed,2012,
4976,tt0114478,Smoke,1995,16
4978,tt0076729,Smokey and the Bandit,1977,495
1340,tt0475394,Smokin' Aces,2006,47
6446,tt0120832,Snake Eyes,1998,103
1339,tt0208092,Snatch.,2000,48
9135,tt0105435,Sneakers,1992,107
8169,tt0453548,Snow Angels,2007,0
1343,tt0120834,Snow Falling on Cedars,1999,24
3378,tt1735898,Snow White and the Huntsman,2012,169
7406,tt1706620,Snowpiercer,2013,4
1342,tt0108174,So I Married an Axe Murderer,1993,24
4988,tt0307479,Solaris,2002,22
3387,tt0120157,Soldier,1998,27
8177,tt0970452,Solomon Kane,2009,
4990,tt0053291,Some Like It Hot,1959,426
3390,tt0094008,Someone to Watch Over Me,1987,22
4995,tt0086336,Something Wicked This Way Comes,1983,
7593,tt0091983,Something Wild,1986,19
1346,tt0337741,Something's Gotta Give,2003,180
4998,tt0081534,Somewhere in Time,1980,
5499,tt3808342,Son of Saul,2015,0
7901,tt1232783,Sorority Row,2009,13
5003,tt0069303,Sounder,1972,
3394,tt0945513,Source Code,2011,60
1348,tt0158983,South Park: Bigger Longer & Uncut,1999,89
8634,tt0405336,Southland Tales,2006,
7836,tt1798684,Southpaw,2015,54
5005,tt0186566,Space Cowboys,2000,146
8127,tt0117705,Space Jam,1996,177
5350,tt0094012,Spaceballs,1987,84
5006,tt0120174,Spacejacked,1997,
1349,tt0371246,Spanglish,2004,58
1347,tt0108200,Spare Me,1993,
6056,tt1876451,Sparkle,2012,26
1350,tt0360009,Spartan,2004,6
6726,tt0120177,Spawn,1997,104
1351,tt0811080,Speed Racer,2008,53
3407,tt0120184,Sphere,1998,68
6679,tt0316654,Spider-Man 2,2004,522
7474,tt1031280,Splinter,2008,
8089,tt1895587,Spotlight,2015,35
5471,tt2101441,Spring Breakers,2012,15
7523,tt0266987,Spy Game,2001,
3413,tt0090060,St. Elmo's Fire,1985,92
5472,tt2170593,St. Vincent,2014,46
5022,tt0046359,Stalag 17,1953,
5023,tt0092005,Stand by Me,1986,122
1361,tt0796366,Star Trek,2009,299
7311,tt0084726,Star Trek II: The Wrath of Khan,1982,42
5028,tt0088170,Star Trek III: The Search for Spock,1984,197
5029,tt0092007,Star Trek IV: The Voyage Home,1986,257
5030,tt0098382,Star Trek V: The Final Frontier,1989,120
5033,tt0102975,Star Trek VI: The Undiscovered Country,1991,154
5036,tt0117731,Star Trek: First Contact,1996,181
5035,tt0111280,Star Trek: Generations,1994,157
5037,tt0120844,Star Trek: Insurrection,1998,130
5038,tt0253754,Star Trek: Nemesis,2002,64
5025,tt0079945,Star Trek: The Motion Picture,1979,285
3437,tt0120915,Star Wars: Episode I - The Phantom Menace,1999,813
1360,tt0121765,Star Wars: Episode II - Attack of the Clones,2002,465
3427,tt0121766,Star Wars: Episode III - Revenge of the Sith,2005,515
1362,tt0076759,Star Wars: Episode IV - A New Hope,1977,1798
3433,tt0080684,Star Wars: Episode V - The Empire Strikes Back,1980,937
1359,tt0086190,Star Wars: Episode VI - Return of the Jedi,1983,853
8099,tt2488496,Star Wars: Episode VII - The Force Awakens,2015,927
1371,tt0088172,Starman,1984,74
7355,tt2567712,Starred Up,2013,
1366,tt0120201,Starship Troopers,1997,103
1367,tt0120202,State and Main,2000,11
1369,tt0040835,Station West,1948,
5050,tt0371257,Stay,2005,4
3447,tt0120686,Stepmom,1998,168
5473,tt2080374,Steve Jobs,2015,18
6911,tt3316960,Still Alice,2014,19
1373,tt0164181,Stir of Echoes,1999,36
8053,tt1656186,Stolen,2012,
5055,tt1423995,Stone,2010,1
3455,tt0250081,Storytelling,2001,1
7756,tt1398426,Straight Outta Compton,2015,166
3457,tt0114558,Strange Days,1995,15
7942,tt0420223,Stranger Than Fiction,2006,53
5063,tt0111300,Stranglehold,1994,
9156,tt0999913,Straw Dogs,2011,11
6385,tt0891592,Street Fighter: The Legend of Chun-Li,2009,10
6512,tt0421073,Street Kings,2008,31
7752,tt0164912,Stuart Little,1999,239
5066,tt0243585,Stuart Little 2,2002,96
5068,tt0120238,SubUrbia,1996,0
5476,tt3077214,Suffragette,2015,4
3462,tt0990413,Sugar,2008,1
3463,tt0186589,Sugar & Spice,2001,20
7850,tt0034240,Sullivan's Travels,1941,
3466,tt0043014,Sunset Blvd.,1950,
3467,tt0862846,Sunshine Cleaning,2008,14
7057,tt1512235,Super,2010,
3468,tt1650062,Super 8,2011,139
3469,tt0829482,Superbad,2007,153
3471,tt0088206,Supergirl,1984,35
5072,tt0081573,Superman II,1980,349
5075,tt0086393,Superman III,1983,165
5076,tt0094074,Superman IV: The Quest for Peace,1987,34
3476,tt0986263,Surrogates,2009,44
3478,tt0324127,Suspect Zero,2004,12
5083,tt0408236,Sweeney Todd: The Demon Barber of Fleet Street,2007,66
5086,tt0230838,Sweet November,2001,38
1387,tt0051036,Sweet Smell of Success,1957,
3487,tt0117802,Swingers,1996,8
3490,tt0244244,Swordfish,2001,107
6401,tt0383028,"Synecdoche, New York",2008,3
3492,tt0365737,Syriana,2005,68
3494,tt1675192,Take Shelter,2011,1
6410,tt1592281,Take This Waltz,2011,1
6845,tt0936501,Taken,2008,175
8208,tt1397280,Taken 2,2012,153
1391,tt0364045,Taking Lives,2004,45
8597,tt0287467,Talk to Her,2002,13
1394,tt0037343,Tall in the Saddle,1944,
6061,tt0415306,Talladega Nights: The Ballad of Ricky Bobby,2006,196
7894,tt0401815,Tamara,2005,
3503,tt1486190,Tamara Drewe,2010,0
5528,tt0120855,Tarzan,1999,292
3505,tt0075314,Taxi Driver,1976,
6752,tt0372588,Team America: World Police,2004,45
3509,tt1637725,Ted,2012,239
5101,tt0086423,Tender Mercies,1983,
5104,tt0103064,Terminator 2: Judgment Day,1991,423
7733,tt1340138,Terminator Genisys,2015,92
3516,tt0438488,Terminator Salvation,2009,145
5106,tt0086425,Terms of Endearment,1983,298
5478,tt1441953,Testament of Youth,2014,1
8672,tt0405422,The 40-Year-Old Virgin,2005,147
6486,tt0429493,The A-Team,2010,85
1547,tt0096754,The Abyss,1989,118
1555,tt0101272,The Addams Family,1991,235
1556,tt1385826,The Adjustment Bureau,2011,68
640,tt0086856,The Adventures of Buckaroo Banzai Across the 8th Dimension,1984,
3806,tt0098987,The Adventures of Ford Fairlane,1990,44
5343,tt0109045,"The Adventures of Priscilla, Queen of the Desert",1994,23
8524,tt0983193,The Adventures of Tintin,2011,85
5477,tt1440728,The American,2010,39
1637,tt0112346,The American President,1995,130
1647,tt2216212,The Amityville Asylum,2013,
1666,tt0254099,The Anniversary Party,2001,6
1673,tt0053604,The Apartment,1960,
3866,tt0443680,The Assassination of Jesse James by the Coward Robert Ford,2007,4
697,tt0118647,The Assignment,1997,1
1723,tt0848228,The Avengers,2012,680
7214,tt0338751,The Aviator,2004,144
6912,tt2321549,The Babadook,2014,0
1734,tt1212436,The Back-up Plan,2010,41
1780,tt0058946,The Battle of Algiers,1966,6
726,tt0163978,The Beach,2000,64
7626,tt1321860,The Beaver,2011,1
1805,tt0247199,The Believer,2001,0
1810,tt1412386,The Best Exotic Marigold Hotel,2011,50
1815,tt0095250,The Big Blue,1988,
3925,tt0092654,The Big Easy,1986,41
1823,tt0118715,The Big Lebowski,1998,32
5496,tt1596363,The Big Short,2015,62
1826,tt0056869,The Birds,1963,
6026,tt0088814,The Black Cauldron,1985,51
745,tt0387877,The Black Dahlia,2006,29
5531,tt0185937,The Blair Witch Project,1999,241
1855,tt0878804,The Blind Side,2009,296
1856,tt2132285,The Bling Ring,2013,6
6239,tt0094761,The Blob,1988,17
3949,tt0037549,The Body Snatcher,1945,
759,tt0103855,The Bodyguard,1992,255
761,tt0099165,The Bonfire of the Vanities,1990,32
1886,tt1037705,The Book of Eli,2010,104
1892,tt0144117,The Boondock Saints,1999,
3952,tt1300851,The Boondock Saints II: All Saints Day,2009,11
768,tt1038919,The Bounty Hunter,2010,73
1902,tt0258463,The Bourne Identity,2002,181
1904,tt0372183,The Bourne Supremacy,2004,246
1907,tt0440963,The Bourne Ultimatum,2007,287
1909,tt0362478,The Box,2009,17
5481,tt0787474,The Boxtrolls,2014,54
7704,tt3181822,The Boy Next Door,2015,36
3959,tt0476964,The Brave One,2007,46
1919,tt0088847,The Breakfast Club,1985,93
280,tt0112579,The Bridges of Madison County,1995,142
1934,tt0844286,The Brothers Bloom,2008,4
3973,tt0825232,The Bucket List,2007,118
3977,tt0252963,The Bunker,2001,
1949,tt0289879,The Butterfly Effect,2004,
8770,tt1259521,The Cabin in the Woods,2012,45
6712,tt0115798,The Cable Guy,1996,118
1976,tt0209958,The Cell,2000,98
1981,tt1488555,The Change-Up,2011,40
5300,tt0363771,"The Chronicles of Narnia: The Lion, the Witch and the Wardrobe",2005,396
806,tt0124315,The Cider House Rules,1999,98
805,tt0059037,The Cincinnati Kid,1965,
4019,tt0109446,The Client,1994,191
4031,tt0019777,The Cocoanuts,1929,
7907,tt1748227,The Collection,2012,7
4035,tt1172991,The Company Men,2010,4
2054,tt0318374,The Cooler,2003,11
4044,tt0142192,The Corruptor,1999,26
7915,tt2193215,The Counselor,2013,18
7891,tt0115963,The Craft,1996,48
4049,tt0455407,The Crazies,2010,43
5482,tt0481499,The Croods,2013,200
2087,tt0109506,The Crow,1994,105
832,tt0115986,The Crow: City of Angels,1996,35
2085,tt0132910,The Crow: Salvation,2000,
2093,tt0104036,The Crying Game,1992,131
8802,tt0421715,The Curious Case of Benjamin Button,2008,153
4064,tt0036733,The Curse of the Cat People,1944,
7067,tt0104040,The Cutting Edge,1992,52
2099,tt1226271,The Damned United,2009,0
6832,tt0838221,The Darjeeling Limited,2007,15
6535,tt0106664,The Dark Half,1993,20
2106,tt0468569,The Dark Knight,2008,645
8807,tt1345836,The Dark Knight Rises,2012,489
846,tt0068451,The Day the Clown Cried,1972,
849,tt0043456,The Day The Earth Stood Still,1951,
2133,tt1226753,The Debt,2010,34
5305,tt0120646,The Deep End of the Ocean,1999,22
853,tt0077416,The Deer Hunter,1978,
2144,tt0407887,The Departed,2006,175
2146,tt1033575,The Descendants,2011,90
7695,tt0435625,The Descent,2005,35
4109,tt0458352,The Devil Wears Prada,2006,166
2153,tt0118971,The Devil's Advocate,1997,115
7364,tt0395584,The Devil's Rejects,2005,22
5484,tt3172532,The Diary of a Teenage Girl,2015,1
2160,tt0104114,The Distinguished Gentleman,1992,97
4117,tt0401383,The Diving Bell and the Butterfly,2007,7
4125,tt0112887,The Doom Generation,1995,
871,tt0101761,The Doors,1991,72
8395,tt0077474,The Driver,1978,
8151,tt1600196,The Drop,2014,11
4137,tt0864761,The Duchess,2008,16
8514,tt0119051,The Edge,1997,52
4158,tt0079100,The Electric Horseman,1979,
886,tt0080678,The Elephant Man,1980,
5485,tt3416744,The End of the Tour,2015,3
2224,tt0116209,The English Patient,1996,154
6095,tt0455944,The Equalizer,2014,108
4184,tt0070047,The Exorcist,1973,195
4185,tt1320253,The Expendables,2010,113
6121,tt1764651,The Expendables 2,2012,92
2259,tt0097322,The Fabulous Baker Boys,1989,36
4190,tt0133751,The Faculty,1998,74
8612,tt2404311,The Family,2013,39
2263,tt0218967,The Family Man,2000,122
4193,tt0109770,The Fantastic Four,1994,
5532,tt0232500,The Fast and the Furious,2001,222
2275,tt2582846,The Fault in Our Stars,2014,133
911,tt0119116,The Fifth Element,1997,120
4208,tt1837703,The Fifth Estate,2013,3
2289,tt0964517,The Fighter,2010,103
7732,tt2118624,The Final Girls,2015,
4216,tt0101889,The Fisher King,1991,86
8297,tt0109813,The Flintstones,1994,272
8848,tt0432291,The Fog,2005,40
918,tt0240510,The Four Feathers,2002,27
8275,tt1220198,The Fourth Kind,2009,29
2328,tt0067116,The French Connection,1971,
6107,tt0116365,The Frighteners,1996,32
2347,tt0106977,The Fugitive,1993,386
5488,tt2039393,The Gambler,2014,35
4258,tt0119174,The Game,1997,91
4259,tt0144214,The General's Daughter,1999,176
2387,tt0068638,The Getaway,1972,138
2391,tt0116409,The Ghost and the Darkness,1996,75
6571,tt1568346,The Girl with the Dragon Tattoo,2011,113
4277,tt0068646,The Godfather,1972,690
4280,tt0071562,The Godfather: Part II,1974,266
2426,tt0279113,The Good Girl,2002,20
7247,tt0343737,The Good Shepherd,2006,79
7134,tt0076095,The Goodbye Girl,1977,
2432,tt0061722,The Graduate,1967,
5501,tt2278388,The Grand Budapest Hotel,2014,62
2442,tt0032551,The Grapes of Wrath,1940,
5489,tt1343092,The Great Gatsby,2013,155
4303,tt0082474,The Great Muppet Caper,1981,
7308,tt0095253,The Great Outdoors,1988,87
7731,tt2403021,The Green Inferno,2013,7
5895,tt0120689,The Green Mile,1999,234
8112,tt1601913,The Grey,2011,56
2455,tt0099703,The Grifters,1990,27
2460,tt0391198,The Grudge,2004,154
8021,tt1540133,The Guard,2011,5
7738,tt2980592,The Guest,2014,
7554,tt2515034,The Gunman,2015,10
8480,tt0104389,The Hand That Rocks the Cradle,1992,184
2469,tt1119646,The Hangover,2009,321
2497,tt0171363,The Haunting,1999,156
2510,tt0317640,The Hebrew Hammer,2003,
2530,tt1454029,The Help,2011,186
2542,tt0454841,The Hills Have Eyes,2006,55
8901,tt0077681,The Hills Have Eyes,1977,
8530,tt0455960,The Hitcher,2007,20
2547,tt0371724,The Hitchhiker's Guide to the Galaxy,2005,69
2552,tt0119314,The Horse Whisperer,1998,139
1017,tt0067217,The Hospital,1971,
4381,tt0082533,The Howling,1981,56
1021,tt0110074,The Hudsucker Proxy,1994,5
4383,tt0308383,The Human Stain,2003,7
6634,tt2980648,The Hundred-Foot Journey,2014,57
8029,tt1392170,The Hunger Games,2012,445
2578,tt0099810,The Hunt for Red October,1990,250
7563,tt0887912,The Hurt Locker,2008,19
4390,tt0054997,The Hustler,1961,
2591,tt0119349,The Ice Storm,1997,14
7171,tt1124035,The Ides of March,2011,44
8601,tt0443543,The Illusionist,2006,52
2594,tt1054606,The Imaginarium of Doctor Parnassus,2009,8
5419,tt2084970,The Imitation Game,2014,97
7766,tt0800080,The Incredible Hulk,2008,163
1028,tt0317705,The Incredibles,2004,365
4422,tt1130080,The Informant!,2009,38
2616,tt0140352,The Insider,1999,49
1044,tt1058017,The Invention of Lying,2009,21
5492,tt1700845,The Invisible Woman,2013,1
7962,tt0129167,The Iron Giant,1999,39
2634,tt1007029,The Iron Lady,2011,32
8934,tt0399201,The Island,2005,48
8935,tt0116654,The Island of Dr. Moreau,1996,54
1046,tt0317740,The Italian Job,2003,152
2651,tt0366627,The Jacket,2005,8
4454,tt0079367,The Jerk,1979,
6908,tt1872194,The Judge,2014,50
5534,tt0061852,The Jungle Book,1967,1029
4468,tt0087538,The Karate Kid,1984,235
6518,tt0085780,The Keep,1983,
5490,tt2488778,The Keeping Room,2014,
1071,tt0085794,The King of Comedy,1982,7
2708,tt1504320,The King's Speech,2010,153
1073,tt0431197,The Kingdom,2007,60
8602,tt0040525,The Lady from Shanghai,1947,
5491,tt3722070,The Lady in the Van,2015,0
4496,tt0335245,The Ladykillers,2004,55
1085,tt0102266,The Last Boy Scout,1991,122
4500,tt0272020,The Last Castle,2001,27
1086,tt0022054,The Last Flight,1931,
4503,tt0104691,The Last of the Mohicans,1992,151
2739,tt0325710,The Last Samurai,2003,160
2742,tt0824758,The Last Station,2009,7
4507,tt0095497,The Last Temptation of Christ,1988,17
7349,tt2918436,The Lazarus Effect,2015,26
7944,tt1490017,The Lego Movie,2014,274
4520,tt0036104,The Leopard Man,1943,
6815,tt0362270,The Life Aquatic with Steve Zissou,2004,33
1100,tt0289992,The Life of David Gale,2003,28
2772,tt0165854,The Limey,1999,5
2779,tt1189340,The Lincoln Lawyer,2011,63
2782,tt0110357,The Lion King,1994,880
2784,tt0097757,The Little Mermaid,1989,241
8034,tt3464902,The Lobster,2015,
6511,tt0070334,The Long Goodbye,1973,
1111,tt0116908,The Long Kiss Goodnight,1996,65
4549,tt0427470,The Lookout,2007,5
4554,tt1482459,The Lorax,2012,233
1115,tt0120737,The Lord of the Rings: The Fellowship of the Ring,2001,482
1114,tt0167260,The Lord of the Rings: The Return of the King,2003,543
1116,tt0167261,The Lord of the Rings: The Two Towers,2002,509
2805,tt0480255,The Losers,2010,25
4559,tt0093437,The Lost Boys,1987,71
4564,tt0144286,The Lost Son,1999,
7494,tt0037884,The Lost Weekend,1945,
4464,tt0119567,The Lost World: Jurassic Park,1997,434
6903,tt2350496,The Lunchbox,2013,4
4577,tt0097806,The Magic Toyshop,1987,
8406,tt1107860,The Maiden Heist,2009,
8616,tt0268995,The Majestic,2001,42
1132,tt0120744,The Man in the Iron Mask,1998,105
2838,tt0049470,The Man Who Knew Too Much,1956,
1134,tt0368008,The Manchurian Candidate,2004,92
7135,tt0102411,The Marrying Man,1991,25
8564,tt3659388,The Martian,2015,235
1140,tt0110475,The Mask,1994,249
2866,tt1560747,The Master,2012,17
1141,tt0133093,The Matrix,1999,292
1143,tt0234215,The Matrix Reloaded,2003,405
7822,tt1790864,The Maze Runner,2014,108
2880,tt0472399,The Mechanic,2011,31
9246,tt1234548,The Men Who Stare at Goats,2009,37
9004,tt0790712,The Messenger,2009,1
4630,tt0117057,The Mirror Has Two Faces,1996,81
6108,tt0884328,The Mist,2007,32
8452,tt0091557,The Mosquito Coast,1986,33
4648,tt0265349,The Mothman Prophecies,2002,52
1176,tt0120616,The Mummy,1999,265
4661,tt0859163,The Mummy: Tomb of the Dragon Emperor,2008,123
4679,tt0102510,The Naked Gun 2Ω: The Smell of Fear,1991,179
2997,tt1458175,The Next Three Days,2010,23
3006,tt0107688,The Nightmare Before Christmas,1993,157
3010,tt0810988,The Nines,2007,
7565,tt0142688,The Ninth Gate,1999,32
8197,tt2402157,The November Man,2014,26
4727,tt0481369,The Number 23,2007,44
7137,tt0120773,The Odd Couple II,1998,35
3038,tt0067525,The Omega Man,1971,
1212,tt0467200,The Other Boleyn Girl,2008,32
7627,tt1386588,The Other Guys,2010,131
9056,tt0230600,The Others,2001,148
6163,tt0075029,The Outlaw Josey Wales,1976,
7119,tt0086066,The Outsiders,1983,70
1216,tt0395699,The Pacifier,2005,153
4769,tt0071970,The Parallax View,1974,
4774,tt0353092,The Partners,2003,
9062,tt2404461,The Past,2013,1
1218,tt0187393,The Patriot,2000,182
4778,tt0107798,The Pelican Brief,1993,212
3079,tt1659337,The Perks of Being a Wallflower,2012,19
3092,tt0253474,The Pianist,2002,48
3095,tt0107822,The Piano,1993,84
4787,tt1817273,The Place Beyond the Pines,2012,23
4804,tt0086122,The Ploughman's Lunch,1983,
4810,tt0069113,The Poseidon Adventure,1972,477
3120,tt0119925,The Postman,1997,33
1241,tt0105159,The Power of One,1992,5
4815,tt0482571,The Prestige,2006,70
1246,tt0093779,The Princess Bride,1987,68
3140,tt0066249,The Private Life of Sherlock Holmes,1970,
3141,tt0395251,The Producers,2005,26
3142,tt0107889,The Program,1993,48
6925,tt0803057,The Promotion,2008,0
1252,tt0114194,The Prophecy,1995,32
1250,tt1041829,The Proposal,2009,190
6674,tt0330793,The Punisher,2004,47
1258,tt0436697,The Queen,2006,74
3178,tt0976051,The Reader,2008,41
8405,tt0292506,The Recruit,2003,76
8000,tt0110955,The Ref,1994,23
3192,tt0120004,The Relic,1997,64
1274,tt0191397,The Replacements,2000,72
3201,tt0100477,The Rescuers Down Under,1990,57
8257,tt1663202,The Revenant,2015,147
4874,tt0298130,The Ring,2002,193
9098,tt0267891,The Ringer,2005,48
7361,tt2717860,The Riot Club,2014,
4879,tt0066302,The Rise and Rise of Michael Rimmer,1970,
3218,tt0898367,The Road,2009,
1282,tt0117500,The Rock,1996,263
6727,tt0102803,The Rocketeer,1991,96
1281,tt0073629,The Rocky Horror Picture Show,1975,594
3237,tt1265990,The Roommate,2011,40
7742,tt2345737,The Rover,2014,1
6816,tt0265666,The Royal Tenenbaums,2001,80
3240,tt0963794,The Ruins,2008,21
4899,tt0292644,The Rules of Attraction,2002,9
9104,tt1017451,The Runaways,2010,3
4902,tt1097649,The Russell Girl,2008,
1294,tt0120053,The Saint,1997,116
1296,tt0235737,The Salton Sea,2002,1
3262,tt0108037,The Sandlot,1993,68
3289,tt0049730,The Searchers,1956,
4925,tt0359950,The Secret Life of Walter Mitty,2013,62
3298,tt1866249,The Sessions,2012,6
6454,tt0075194,The Seven-Per-Cent Solution,1976,
1309,tt0050976,The Seventh Seal,1957,
4940,tt0036341,The Seventh Victim,1943,
3317,tt0111161,The Shawshank Redemption,1994,58
3325,tt0081505,The Shining,1980,
3327,tt0120824,The Shipping News,2001,17
3336,tt0133952,The Siege,1998,75
1330,tt0102926,The Silence of the Lambs,1991,270
3352,tt0167404,The Sixth Sense,1999,503
6059,tt0472181,The Smurfs,2011,156
6060,tt2017020,The Smurfs 2,2013,75
3381,tt1285016,The Social Network,2010,106
5001,tt0963966,The Sorcerer's Apprentice,2010,69
7298,tt1714206,The Spectacular Now,2013,7
6854,tt0367089,The Squid and the Whale,2005,9
7610,tt0073747,The Stepford Wives,1975,
1370,tt0070735,The Sting,1973,786
3461,tt0081568,The Stunt Man,1980,
3473,tt0418206,The Surfer King,2006,
3483,tt0120255,The Sweet Hereafter,1997,8
3500,tt0134119,The Talented Mr. Ripley,1999,139
3511,tt0088247,The Terminator,1984,99
6164,tt0324216,The Texas Chainsaw Massacre,2003,115
5502,tt2980516,The Theory of Everything,2014,38
5115,tt0025878,The Thin Man,1934,
9177,tt0120863,The Thin Red Line,1998,67
6003,tt0041959,The Third Man,1949,8
3546,tt0108333,The Three Musketeers,1993,113
6610,tt0383010,The Three Stooges,2012,48
3557,tt0268695,The Time Machine,2002,84
6063,tt1243957,The Tourist,2010,74
5142,tt0840361,The Town,2010,101
7633,tt2561546,The Town That Dreaded Sundown,2014,
9195,tt0478304,The Tree of Life,2011,14
1434,tt0120382,The Truman Show,1998,233
5163,tt1325004,The Twilight Saga: Eclipse,2010,331
5164,tt1259571,The Twilight Saga: New Moon,2009,344
3631,tt1142988,The Ugly Truth,2009,103
5179,tt0114814,The Usual Suspects,1995,46
9214,tt0831374,The Utah Murder Project,2006,
3654,tt0084855,The Verdict,1982,159
5186,tt0368447,The Village,2004,159
3667,tt0857191,The Visitor,2007,11
5197,tt0046534,The War of the Worlds,1953,
7104,tt1369706,The Ward,2010,
5205,tt0118125,The Watermelon Woman,1996,
3690,tt1023114,The Way Back,2010,2
6724,tt0202677,The Way of the Gun,2000,9
6930,tt0384680,The Weather Man,2005,16
4992,tt0372532,The Wedding Date,2005,42
5214,tt0120888,The Wedding Singer,1998,148
3701,tt0896872,The Whistleblower,2010,1
1475,tt0065214,The Wild Bunch,1969,
7814,tt0073906,The Wind and the Lion,1975,
9231,tt0094332,The Witches of Eastwick,1987,141
8080,tt0098663,The Wizard,1989,31
1483,tt0032138,The Wizard of Oz,1939,839
3737,tt0993846,The Wolf of Wall Street,2013,125
6622,tt0780653,The Wolfman,2010,68
8605,tt1430132,The Wolverine,2013,142
3742,tt0361127,The Woodsman,2004,
3745,tt0143145,The World Is Not Enough,1999,217
3746,tt1125849,The Wrestler,2008,31
8552,tt0120902,The X Files,1998,155
8323,tt0073918,The Yakuza,1974,
5256,tt0962736,The Young Victoria,2009,12
6827,tt2333804,The Zero Theorem,2013,
3519,tt0103074,Thelma & Louise,1991,93
6000,tt0469494,There Will Be Blood,2007,50
3521,tt0129387,There's Something About Mary,1998,326
6847,tt0096256,They Live,1988,27
5114,tt0083190,Thief,1981,13
3776,tt0245674,Thir13en Ghosts,2001,64
1401,tt0146309,Thirteen Days,2000,55
1406,tt0108330,This Boy's Life,1993,8
3536,tt1758830,This Is 40,2012,73
3538,tt0800369,Thor,2011,198
5126,tt0073802,Three Days of the Condor,1975,
3541,tt0120188,Three Kings,1999,103
3548,tt0167456,Thunderbirds,2004,9
1409,tt0105585,Thunderheart,1992,47
5130,tt0066434,THX 1138,1971,
1407,tt0196158,Ticker,2001,
3554,tt0857295,Timber Falls,2007,
6455,tt0080025,Time After Time,1979,
1412,tt0117918,Tin Cup,1996,106
1414,tt0094155,Tin Men,1987,56
3563,tt1340800,Tinker Tailor Soldier Spy,2011,26
5136,tt0120338,Titanic,1997,1249
1389,tt0453556,TMNT,2007,68
3569,tt0100791,To Sleep with Anger,1990,2
3572,tt0108358,Tombstone,1993,118
3574,tt0120347,Tomorrow Never Dies,1997,236
8360,tt0084805,Tootsie,1982,523
7974,tt2784678,Top Five,2014,26
3576,tt0092099,Top Gun,1986,422
7540,tt0100802,Total Recall,1990,244
6006,tt0052311,Touch of Evil,1958,38
7829,tt0787523,Towelhead,2007,
7278,tt0471042,Tower Heist,2011,85
1421,tt0114709,Toy Story,1995,61
5145,tt0435761,Toy Story 3,2010,457
7423,tt0086465,Trading Places,1983,249
1423,tt0181865,Traffic,2000,200
7896,tt1015474,Train,2008,
3589,tt0139654,Training Day,2001,117
3591,tt0117951,Trainspotting,1996,32
5147,tt0025905,Transatlantic Merry-Go-Round,1934,
8525,tt2209764,Transcendence,2014,24
3597,tt0100814,Tremors,1990,34
3599,tt0375154,Tristan + Isolde,2006,19
1393,tt0084827,TRON,1982,97
1428,tt0942385,Tropic Thunder,2008,133
5154,tt0023622,Trouble in Paradise,1932,
3605,tt0332452,Troy,2004,186
5155,tt0098524,True Believer,1989,19
9199,tt0139668,True Crime,1999,28
7093,tt1403865,True Grit,2010,188
3609,tt0111503,True Lies,1994,303
3612,tt0108399,True Romance,1993,25
5506,tt3203606,Trumbo,2015,
5507,tt3859076,Truth,2015,2
7302,tt1465522,Tucker and Dale vs. Evil,2010,
9204,tt3099498,Tusk,2014,1
5160,tt0114746,Twelve Monkeys,1995,113
3621,tt1099212,Twilight,2008,231
5166,tt0105665,Twin Peaks: Fire Walk with Me,1992,8
3625,tt0096320,Twins,1988,237
8515,tt0117998,Twister,1996,476
3627,tt0417217,Two for the Money,2005,31
7860,tt2140619,Two Night Stand,2014,
7209,tt0067893,Two-Lane Blacktop,1971,
3629,tt0120399,U Turn,1997,12
1438,tt0217869,Unbreakable,2000,153
6301,tt0098554,Uncle Buck,1989,146
3635,tt0086510,Under Fire,1983,15
8170,tt0360130,Undertow,2004,
1442,tt0105695,Unforgiven,1992,211
8484,tt0105699,Unlawful Entry,1992,119
7427,tt0477080,Unstoppable,2010,89
5172,tt0880578,Untraceable,2008,34
3641,tt1049413,Up,2009,339
5173,tt0118055,Up Close & Personal,1996,100
3643,tt1193138,Up in the Air,2009,97
5178,tt0146336,Urban Legend,1998,70
1444,tt0434409,V for Vendetta,2005,95
7475,tt0452702,Vacancy,2007,24
3649,tt0817230,Valentine's Day,2010,121
3650,tt0985699,Valkyrie,2008,100
1447,tt0259711,Vanilla Sky,2001,155
7450,tt0067927,Vanishing Point,1971,
5183,tt0443274,Vantage Point,2008,87
3659,tt0052357,Vertigo,1958,29
1451,tt0124198,Very Bad Things,1998,18
5185,tt0497465,Vicky Cristina Barcelona,2008,28
6858,tt0114852,Village of the Damned,1995,18
5189,tt0055601,Viridiana,1961,
9216,tt0114857,Virtuosity,1995,48
6922,tt1175491,W.,2008,30
5509,tt2258858,Wadjda,2012,1
3668,tt0120885,Wag the Dog,1997,81
1452,tt0351977,Walking Tall,2004,64
3673,tt0094291,Wall Street,1987,97
7924,tt1655460,Wanderlust,2012,18
1458,tt0493464,Wanted,2008,163
3680,tt1568911,War Horse,2011,87
1459,tt0407304,War of the Worlds,2005,317
3686,tt1291584,Warrior,2011,15
1461,tt0409459,Watchmen,2009,125
3689,tt1067583,Water for Elephants,2011,64
7602,tt0114898,Waterworld,1995,176
5209,tt1242460,We Need to Talk About Kevin,2011,1
1465,tt0498399,We Own the Night,2007,36
6852,tt0098625,We're No Angels,1989,23
9222,tt0396269,Wedding Crashers,2005,283
6279,tt0090305,Weird Science,1985,39
3694,tt0161081,What Lies Beneath,2000,250
5217,tt0023686,What Price Hollywood?,1932,
9223,tt0098635,When Harry Met Sally...,1989,203
5221,tt0386117,Where the Wild Things Are,2009,89
1467,tt0887971,While She Was Out,2008,
5511,tt1791682,While We're Young,2014,8
5222,tt1172233,Whip It,2009,15
6905,tt2582802,Whiplash,2014,13
5223,tt0108558,White Angel,1994,
1466,tt0047673,White Christmas,1954,
6066,tt2334879,White House Down,2013,78
1470,tt0118158,White Squall,1996,20
1471,tt0365929,Whiteout,2009,11
5225,tt0096438,Who Framed Roger Rabbit,1988,325
6907,tt2305051,Wild,2014,40
3713,tt0100935,Wild at Heart,1990,30
8506,tt0114938,Wild Bill,1995,4
7207,tt2231253,Wild Card,2015,
3717,tt0486946,Wild Hogs,2007,212
5514,tt3011894,Wild Tales,2014,3
3720,tt0120890,Wild Things,1998,55
4896,tt0448179,Wild Things: Diamonds in the Rough,2005,
3723,tt0120891,Wild Wild West,1999,195
5236,tt0067991,Willard,1971,101
3724,tt0096446,Willow,1988,121
3726,tt1606392,Win Win,2011,11
3729,tt0486051,Wind Chill,2007,
5238,tt1399683,Winter's Bone,2010,7
9230,tt2870708,Wish I Was Here,2014,3
1482,tt0090329,Witness,1985,160
6701,tt0051201,Witness for the Prosecution,1957,
5515,tt2404425,Woman in Gold,2015,34
3740,tt0185014,Wonder Boys,2000,31
5361,tt0335563,Wonderland,2003,1
5362,tt0096463,Working Girl,1988,135
6931,tt0469641,World Trade Center,2006,93
9236,tt0816711,World War Z,2013,216
5516,tt1772341,Wreck-It Ralph,2012,206
6190,tt0295700,Wrong Turn,2003,22
3752,tt0120903,X-Men,2000,253
5248,tt0290334,X-Men 2,2003,310
1488,tt0458525,X-Men Origins: Wolverine,2009,208
1497,tt0295701,xXx,2002,211
3758,tt1045778,Year One,2009,50
3759,tt1068680,Yes Man,2008,118
3761,tt0203230,You Can Count on Me,2000,14
7737,tt1853739,You're Next,2011,20
3763,tt0128853,You've Got Mail,1998,215
9241,tt1625346,Young Adult,2011,17
5254,tt0072431,Young Frankenstein,1974,401
5517,tt3312830,Youth,2015,2
3765,tt0403702,Youth in Revolt,2009,17
3766,tt1790885,Zero Dark Thirty,2012,104
8158,tt0120906,Zero Effect,1998,3
3768,tt0421090,Zerophilia,2005,
6491,tt0443706,Zodiac,2007,41